ALS;API;/GTC_CLS/ALS/Instances/API/API21E
BBL;API;/GTC_CLS/BBL/Instances/API/API21E
BGE;API;/GTC_CLS/BGE/Instances/API/API21E
BQC;API;/GTC_CLS/BQC/Instances/API/API21E
BRG;API;/GTC_CLS/BRG/Instances/API/API21E
CAN;API;/GTC_CLS/CAN/Instances/API/API21E
CAR;API;/GTC_CLS/CAR/Instances/API/API21E
CAU;API;/GTC_CLS/CAU/Instances/API/API21E
CDG;API;/GTC_CLS/CDG/Instances/API/API21E
CDG;CAMERA_ANA;/GTC_CLS/CDG/Instances/CameraANA/ANA_13
CHD;API;/GTC_CLS/CHD/Instances/API/API21E
CHU;API;/GTC_CLS/CHU/Instances/API/API21E
COL;API;/GTC_CLS/COL/Instances/API/API21E
COR;API;/GTC_CLS/COR/Instances/API/API21E
CS;API;/GTC_CLS/CS/Instances/API/API21E
CXC;API;/GTC_CLS/CXC/Instances/API/API21E
DFH;CAMERA_ANA;/GTC_CLS/DFH/Instances/CameraANA/ANA_01
DFH;CAMERA_ANA;/GTC_CLS/DFH/Instances/CameraANA/ANA_02
DFH;CAMERA_ANA;/GTC_CLS/DFH/Instances/CameraANA/ANA_03
DFH;CAMERA_ANA;/GTC_CLS/DFH/Instances/CameraANA/ANA_04
DFH;CAMERA_ANA;/GTC_CLS/DFH/Instances/CameraANA/ANA_05
DFH;CAMERA_ANA;/GTC_CLS/DFH/Instances/CameraANA/ANA_06
DFH;CAMERA_ANA;/GTC_CLS/DFH/Instances/CameraANA/ANA_07
DFH;CAMERA_ANA;/GTC_CLS/DFH/Instances/CameraANA/ANA_08
DFH;CAMERA_ANA;/GTC_CLS/DFH/Instances/CameraANA/ANA_09
DFH;CAMERA_ANA;/GTC_CLS/DFH/Instances/CameraANA/ANA_10
DFH;CAMERA_ANA;/GTC_CLS/DFH/Instances/CameraANA/ANA_11
DFH;CAMERA_ANA;/GTC_CLS/DFH/Instances/CameraANA/ANA_12
DFH;CAMERA_ANA;/GTC_CLS/DFH/Instances/CameraANA/ANA_13
DFH;CAMERA_ANA;/GTC_CLS/DFH/Instances/CameraANA/ANA_14
DFH;CAMERA_ANA;/GTC_CLS/DFH/Instances/CameraANA/ANA_15
DFH;CAMERA_ANA;/GTC_CLS/DFH/Instances/CameraANA/ANA_16
DFH;CAMERA_ANA;/GTC_CLS/DFH/Instances/CameraANA/ANA_17
DFH;CAMERA_ANA;/GTC_CLS/DFH/Instances/CameraANA/ANA_18
DMD;CAMERA_ANA;/GTC_CLS/DMD/Instances/CameraANA/ANA_01
DMD;CAMERA_ANA;/GTC_CLS/DMD/Instances/CameraANA/ANA_02
DMD;CAMERA_ANA;/GTC_CLS/DMD/Instances/CameraANA/ANA_03
DMD;CAMERA_ANA;/GTC_CLS/DMD/Instances/CameraANA/ANA_04
DMD;CAMERA_ANA;/GTC_CLS/DMD/Instances/CameraANA/ANA_05
DMD;CAMERA_ANA;/GTC_CLS/DMD/Instances/CameraANA/ANA_06
DMD;CAMERA_ANA;/GTC_CLS/DMD/Instances/CameraANA/ANA_07
DMD;CAMERA_ANA;/GTC_CLS/DMD/Instances/CameraANA/ANA_08
DMD;CAMERA_ANA;/GTC_CLS/DMD/Instances/CameraANA/ANA_09
DMD;CAMERA_ANA;/GTC_CLS/DMD/Instances/CameraANA/ANA_10
DMD;CAMERA_ANA;/GTC_CLS/DMD/Instances/CameraANA/ANA_11
DMD;CAMERA_ANA;/GTC_CLS/DMD/Instances/CameraANA/ANA_12
DMD;CAMERA_ANA;/GTC_CLS/DMD/Instances/CameraANA/ANA_13
EPL;API;/GTC_CLS/EPL/Instances/API/API21E
ETP;API;/GTC_CLS/ETP/Instances/API/API21E
FDM;API;/GTC_CLS/FDM/Instances/API/API21E
FIV;API;/GTC_CLS/FIV/Instances/API/API21E
FIV;CAMERA_ANA;/GTC_CLS/FIV/Instances/CameraANA/ANA_25
FIV;CAMERA_ANA;/GTC_CLS/FIV/Instances/CameraANA/ANA_26
FIV;CAMERA_ANA;/GTC_CLS/FIV/Instances/CameraANA/ANA_27
FIV;CAMERA_ANA;/GTC_CLS/FIV/Instances/CameraANA/ANA_28
FIV;CAMERA_ANA;/GTC_CLS/FIV/Instances/CameraANA/ANA_29
FIV;CAMERA_ANA;/GTC_CLS/FIV/Instances/CameraANA/ANA_30
FIV;CAMERA_ANA;/GTC_CLS/FIV/Instances/CameraANA/ANA_31
FIV;CAMERA_ANA;/GTC_CLS/FIV/Instances/CameraANA/ANA_32
FIV;CAMERA_ANA;/GTC_CLS/FIV/Instances/CameraANA/ANA_33
GAM;API;/GTC_CLS/GAM/Instances/API/API21E
GAM;CAMERA_ANA;/GTC_CLS/GAM/Instances/CameraANA/ANA_23
GDT;API;/GTC_CLS/GDT/Instances/API/API21E
GLE;API;/GTC_CLS/GLE/Instances/API/API21E
GLF;API;/GTC_CLS/GLF/Instances/API/API35E
GLF;API;/GTC_CLS/GLF/Instances/API/RES02
GLR;API;/GTC_CLS/GLR/Instances/API/API21E
GPL;API;/GTC_CLS/GPL/Instances/API/API21E
HDV;API;/GTC_CLS/HDV/Instances/API/API21E
HDV;API;/GTC_CLS/HDV/Instances/API/TUN_DEC_01
HDV;API;/GTC_CLS/HDV/Instances/API/TUN_PC_01
HEL;API;/GTC_CLS/HEL/Instances/API/API21E
JJS;API;/GTC_CLS/JJS/Instances/API/API21E
JJS;API;/GTC_CLS/JJS/Instances/API/TUN_DEC_01
JJS;API;/GTC_CLS/JJS/Instances/API/TUN_PC_01
LAM;API;/GTC_CLS/LAM/Instances/API/API21E
LAM;API;/GTC_CLS/LAM/Instances/API/TUN_DEC_01
LAM;API;/GTC_CLS/LAM/Instances/API/TUN_PC_01
LGP;API;/GTC_CLS/LGP/Instances/API/API21E
LLA;API;/GTC_CLS/LLA/Instances/API/API21E
MAR;API;/GTC_CLS/MAR/Instances/API/API21E
MCX;API;/GTC_CLS/MCX/Instances/API/API21E
MDE;API;/GTC_CLS/MDE/Instances/API/API21E
MDL;API;/GTC_CLS/MDL/Instances/API/API21E
MDM;API;/GTC_CLS/MDM/Instances/API/API21E
MER;API;/GTC_CLS/MER/Instances/API/API21E
MIT;API;/GTC_CLS/MIT/Instances/API/API21E
MON;API;/GTC_CLS/MON/Instances/API/API21E
MOS;API;/GTC_CLS/MOS/Instances/API/API21E
MUR;CAMERA_ANA;/GTC_CLS/TRAM/MUR/Instances/CameraANA/ANA_01
MUR;CAMERA_ANA;/GTC_CLS/TRAM/MUR/Instances/CameraANA/ANA_02
MUR;CAMERA_ANA;/GTC_CLS/TRAM/MUR/Instances/CameraANA/ANA_03
PAR;API;/GTC_CLS/PAR/Instances/API/API21E
PAV;API;/GTC_CLS/PAV/Instances/API/API21E
PDB;API;/GTC_CLS/PDB/Instances/API/API21E
PDL;API;/GTC_CLS/PDL/Instances/API/API21E
PDN;API;/GTC_CLS/PDN/Instances/API/API21E
PDO;API;/GTC_CLS/PDN/Instances/API/API21E
PDO;API;/GTC_CLS/PDN/Instances/API/DEF_GEN_01
PDO;API;/GTC_CLS/PDN/Instances/API/BAT_01
PDO;API;/GTC_CLS/PDN/Instances/API/BAT_AUT_01
PDO;API;/GTC_CLS/PDN/Instances/API/VENT_01
PDO;API;/GTC_CLS/PDN/Instances/API/ALIM_01
PDO;API;/GTC_CLS/PDN/Instances/API/GPE_CAMS_01
PDO;API;/GTC_CLS/PDN/Instances/API/BG_BAU_01
PDO;API;/GTC_CLS/PDN/Instances/API/BG_BAU_02
PDO;API;/GTC_CLS/PDN/Instances/API/BG_BAU_03
PDO;API;/GTC_CLS/PDN/Instances/API/BG_BAU_04
PDO;API;/GTC_CLS/PDN/Instances/API/BG_BAU_05
PDO;API;/GTC_CLS/PDN/Instances/API/ALT_01
PDO;API;/GTC_CLS/PDN/Instances/API/RES_01
PDO;API;/GTC_CLS/PDN/Instances/API/RES_02
PDO;API;/GTC_CLS/PDN/Instances/API/RES_03
PDO;API;/GTC_CLS/PDN/Instances/API/RES_04
PDO;API;/GTC_CLS/PDN/Instances/API/RES_05
PDO;API;/GTC_CLS/PDN/Instances/API/RES_06
PDO;API;/GTC_CLS/PDN/Instances/API/RES_07
PDO;API;/GTC_CLS/PDN/Instances/API/RES_08
PDO;API;/GTC_CLS/PDN/Instances/API/RES_09
PDP;API;/GTC_CLS/PDP/Instances/API/API21E
PDP;API;/GTC_CLS/PDP/Instances/API/TUN_DEC_01
PDP;API;/GTC_CLS/PDP/Instances/API/TUN_PC_01
PHA;API;/GTC_CLS/PHA/Instances/API/API21E
PP2;API;/GTC_CLS/PP2/Instances/API/API21E
PRE;API;/GTC_CLS/PRE/Instances/API/API21E
PSU;API;/GTC_CLS/PSU/Instances/API/API21E
PSU;CAMERA_ANA;/GTC_CLS/PSU/Instances/CameraANA/ANA_16
PVA;API;/GTC_CLS/PVA/Instances/API/API21E
QC;API;/GTC_CLS/QC/Instances/API/API21E
REP;API;/GTC_CLS/REP/Instances/API/API21E
RIH;API;/GTC_CLS/RIH/Instances/API/API21E
SMP;API;/GTC_CLS/SMP/Instances/API/API21E
SPH;API;/GTC_CLS/SPH/Instances/API/API21E
SPH;API;/GTC_CLS/SPH/Instances/API/TUN_DEC_01
SPH;API;/GTC_CLS/SPH/Instances/API/TUN_PC_01
SQF;API;/GTC_CLS/SQF/Instances/API/API21E
TGC;API;/GTC_CLS/TGC/Instances/API/API21E
TRI;API;/GTC_CLS/TRI/Instances/API/API21E
WAS;API;/GTC_CLS/WAS/Instances/API/API21E
WAZ;API;/GTC_CLS/WAZ/Instances/API/API21E

