ALS;CAMERA_ANA;uvr60_01_e17_composant;/GTC_CLS/ALS/Instances/UVR60/RES_VID_01
ALS;CAMERA_ANA;uvr60_01_e18_composant;/GTC_CLS/ALS/Instances/UVR60/RES_VID_02
ALS;CAMERA_ANA;uvr60_01_e19_composant;/GTC_CLS/ALS/Instances/UVR60/RES_VID_03
ALS;CAMERA_ANA;uvr60_01_e20_composant;/GTC_CLS/ALS/Instances/UVR60/RES_VID_04
ALS;CAMERA_ANA;uvr60_01_e21_composant;/GTC_CLS/ALS/Instances/UVR60/RES_VID_05
ALS;CAMERA_ANA;uvr60_01_e22_composant;/GTC_CLS/ALS/Instances/UVR60/RES_VID_06
ALS;CAMERA_ANA;uvr60_01_e23_composant;/GTC_CLS/ALS/Instances/UVR60/RES_VID_07
ALS;CAMERA_ANA;uvr60_01_e24_composant;/GTC_CLS/ALS/Instances/UVR60/RES_VID_08
BBL;CAMERA_ANA;uvr60_01_e17_composant;/GTC_CLS/BBL/Instances/UVR60/RES_VID_01
BBL;CAMERA_ANA;uvr60_01_e18_composant;/GTC_CLS/BBL/Instances/UVR60/RES_VID_02
BBL;CAMERA_ANA;uvr60_01_e19_composant;/GTC_CLS/BBL/Instances/UVR60/RES_VID_03
BBL;CAMERA_ANA;uvr60_01_e20_composant;/GTC_CLS/BBL/Instances/UVR60/RES_VID_04
BBL;CAMERA_ANA;uvr60_01_e21_composant;/GTC_CLS/BBL/Instances/UVR60/RES_VID_05
BBL;CAMERA_ANA;uvr60_01_e22_composant;/GTC_CLS/BBL/Instances/UVR60/RES_VID_06
BBL;CAMERA_ANA;uvr60_01_e23_composant;/GTC_CLS/BBL/Instances/UVR60/RES_VID_07
BBL;CAMERA_ANA;uvr60_01_e24_composant;/GTC_CLS/BBL/Instances/UVR60/RES_VID_08
BGE;CAMERA_ANA;uvr60_01_e16_composant;/GTC_CLS/BGE/Instances/UVR60/RES_VID_01
BGE;CAMERA_ANA;uvr60_01_e17_composant;/GTC_CLS/BGE/Instances/UVR60/RES_VID_02
BGE;CAMERA_ANA;uvr60_01_e18_composant;/GTC_CLS/BGE/Instances/UVR60/RES_VID_03
BGE;CAMERA_ANA;uvr60_01_e19_composant;/GTC_CLS/BGE/Instances/UVR60/RES_VID_04
BGE;CAMERA_ANA;uvr60_01_e20_composant;/GTC_CLS/BGE/Instances/UVR60/RES_VID_05
BGE;CAMERA_ANA;uvr60_01_e21_composant;/GTC_CLS/BGE/Instances/UVR60/RES_VID_06
BGE;CAMERA_ANA;uvr60_01_e22_composant;/GTC_CLS/BGE/Instances/UVR60/RES_VID_07
BGE;CAMERA_ANA;uvr60_01_e23_composant;/GTC_CLS/BGE/Instances/UVR60/RES_VID_08
BGE;CAMERA_ANA;uvr60_01_e24_composant;/GTC_CLS/BGE/Instances/UVR60/RES_VID_09
BQC;CAMERA_ANA;uvr60_01_e05_composant;/GTC_CLS/BQC/Instances/UVR60/RES_VID_01
BQC;CAMERA_ANA;uvr60_01_e06_composant;/GTC_CLS/BQC/Instances/UVR60/RES_VID_02
BQC;CAMERA_ANA;uvr60_01_e07_composant;/GTC_CLS/BQC/Instances/UVR60/RES_VID_03
BQC;CAMERA_ANA;uvr60_01_e08_composant;/GTC_CLS/BQC/Instances/UVR60/RES_VID_04
BQC;CAMERA_ANA;uvr60_01_e09_composant;/GTC_CLS/BQC/Instances/UVR60/RES_VID_05
BQC;CAMERA_ANA;uvr60_01_e10_composant;/GTC_CLS/BQC/Instances/UVR60/RES_VID_06
BQC;CAMERA_ANA;uvr60_01_e11_composant;/GTC_CLS/BQC/Instances/UVR60/RES_VID_07
BQC;CAMERA_ANA;uvr60_01_e12_composant;/GTC_CLS/BQC/Instances/UVR60/RES_VID_08
BQC;CAMERA_ANA;uvr60_01_e13_composant;/GTC_CLS/BQC/Instances/UVR60/RES_VID_09
BQC;CAMERA_ANA;uvr60_01_e14_composant;/GTC_CLS/BQC/Instances/UVR60/RES_VID_10
BQC;CAMERA_ANA;uvr60_01_e15_composant;/GTC_CLS/BQC/Instances/UVR60/RES_VID_11
BQC;CAMERA_ANA;uvr60_01_e16_composant;/GTC_CLS/BQC/Instances/UVR60/RES_VID_12
BQC;CAMERA_ANA;uvr60_01_e17_composant;/GTC_CLS/BQC/Instances/UVR60/RES_VID_13
BQC;CAMERA_ANA;uvr60_01_e18_composant;/GTC_CLS/BQC/Instances/UVR60/RES_VID_14
BQC;CAMERA_ANA;uvr60_01_e19_composant;/GTC_CLS/BQC/Instances/UVR60/RES_VID_15
BQC;CAMERA_ANA;uvr60_01_e20_composant;/GTC_CLS/BQC/Instances/UVR60/RES_VID_16
BQC;CAMERA_ANA;uvr60_01_e21_composant;/GTC_CLS/BQC/Instances/UVR60/RES_VID_17
BQC;CAMERA_ANA;uvr60_01_e22_composant;/GTC_CLS/BQC/Instances/UVR60/RES_VID_18
BQC;CAMERA_ANA;uvr60_01_e23_composant;/GTC_CLS/BQC/Instances/UVR60/RES_VID_19
BQC;CAMERA_ANA;uvr60_01_e24_composant;/GTC_CLS/BQC/Instances/UVR60/RES_VID_20
BQC;CAMERA_ANA;uvr60_02_e05_composant;/GTC_CLS/BQC/Instances/UVR60/RES_VID_21
BQC;CAMERA_ANA;uvr60_02_e06_composant;/GTC_CLS/BQC/Instances/UVR60/RES_VID_22
BQC;CAMERA_ANA;uvr60_02_e07_composant;/GTC_CLS/BQC/Instances/UVR60/RES_VID_23
BQC;CAMERA_ANA;uvr60_02_e08_composant;/GTC_CLS/BQC/Instances/UVR60/RES_VID_24
BQC;CAMERA_ANA;uvr60_02_e09_composant;/GTC_CLS/BQC/Instances/UVR60/RES_VID_25
BQC;CAMERA_ANA;uvr60_02_e10_composant;/GTC_CLS/BQC/Instances/UVR60/RES_VID_26
BQC;CAMERA_ANA;uvr60_02_e11_composant;/GTC_CLS/BQC/Instances/UVR60/RES_VID_27
BQC;CAMERA_ANA;uvr60_02_e12_composant;/GTC_CLS/BQC/Instances/UVR60/RES_VID_28
BQC;CAMERA_ANA;uvr60_02_e13_composant;/GTC_CLS/BQC/Instances/UVR60/RES_VID_29
BQC;CAMERA_ANA;uvr60_02_e14_composant;/GTC_CLS/BQC/Instances/UVR60/RES_VID_30
BQC;CAMERA_ANA;uvr60_02_e15_composant;/GTC_CLS/BQC/Instances/UVR60/RES_VID_31
BQC;CAMERA_ANA;uvr60_02_e16_composant;/GTC_CLS/BQC/Instances/UVR60/RES_VID_32
BQC;CAMERA_ANA;uvr60_02_e17_composant;/GTC_CLS/BQC/Instances/UVR60/RES_VID_33
BQC;CAMERA_ANA;uvr60_02_e18_composant;/GTC_CLS/BQC/Instances/UVR60/RES_VID_34
BQC;CAMERA_ANA;uvr60_02_e19_composant;/GTC_CLS/BQC/Instances/UVR60/RES_VID_35
BQC;CAMERA_ANA;uvr60_02_e20_composant;/GTC_CLS/BQC/Instances/UVR60/RES_VID_36
BQC;CAMERA_ANA;uvr60_02_e21_composant;/GTC_CLS/BQC/Instances/UVR60/RES_VID_37
BQC;CAMERA_ANA;uvr60_02_e22_composant;/GTC_CLS/BQC/Instances/UVR60/RES_VID_38
BQC;CAMERA_ANA;uvr60_02_e23_composant;/GTC_CLS/BQC/Instances/UVR60/RES_VID_39
BQC;CAMERA_ANA;uvr60_02_e24_composant;/GTC_CLS/BQC/Instances/UVR60/RES_VID_40
BRG;CAMERA_ANA;uvr60_01_e18_composant;/GTC_CLS/BRG/Instances/UVR60/RES_VID_01
BRG;CAMERA_ANA;uvr60_01_e19_composant;/GTC_CLS/BRG/Instances/UVR60/RES_VID_02
BRG;CAMERA_ANA;uvr60_01_e20_composant;/GTC_CLS/BRG/Instances/UVR60/RES_VID_03
BRG;CAMERA_ANA;uvr60_01_e21_composant;/GTC_CLS/BRG/Instances/UVR60/RES_VID_04
BRG;CAMERA_ANA;uvr60_01_e22_composant;/GTC_CLS/BRG/Instances/UVR60/RES_VID_05
BRG;CAMERA_ANA;uvr60_01_e23_composant;/GTC_CLS/BRG/Instances/UVR60/RES_VID_06
BRG;CAMERA_ANA;uvr60_01_e24_composant;/GTC_CLS/BRG/Instances/UVR60/RES_VID_07
CAN;CAMERA_ANA;uvr60_01_e18_composant;/GTC_CLS/CAN/Instances/UVR60/RES_VID_01
CAN;CAMERA_ANA;uvr60_01_e19_composant;/GTC_CLS/CAN/Instances/UVR60/RES_VID_02
CAN;CAMERA_ANA;uvr60_01_e20_composant;/GTC_CLS/CAN/Instances/UVR60/RES_VID_03
CAN;CAMERA_ANA;uvr60_01_e21_composant;/GTC_CLS/CAN/Instances/UVR60/RES_VID_04
CAN;CAMERA_ANA;uvr60_01_e22_composant;/GTC_CLS/CAN/Instances/UVR60/RES_VID_05
CAN;CAMERA_ANA;uvr60_01_e23_composant;/GTC_CLS/CAN/Instances/UVR60/RES_VID_06
CAN;CAMERA_ANA;uvr60_01_e24_composant;/GTC_CLS/CAN/Instances/UVR60/RES_VID_07
CAR;CAMERA_ANA;uvr60_01_e19_composant;/GTC_CLS/CAR/Instances/UVR60/RES_VID_01
CAR;CAMERA_ANA;uvr60_01_e20_composant;/GTC_CLS/CAR/Instances/UVR60/RES_VID_02
CAR;CAMERA_ANA;uvr60_01_e21_composant;/GTC_CLS/CAR/Instances/UVR60/RES_VID_03
CAR;CAMERA_ANA;uvr60_01_e22_composant;/GTC_CLS/CAR/Instances/UVR60/RES_VID_04
CAR;CAMERA_ANA;uvr60_01_e23_composant;/GTC_CLS/CAR/Instances/UVR60/RES_VID_05
CAR;CAMERA_ANA;uvr60_01_e24_composant;/GTC_CLS/CAR/Instances/UVR60/RES_VID_06
CAU;CAMERA_ANA;uve101_01_e01_composant;/GTC_CLS/CAU/Instances/CameraANA/ANA_25
CDG;CAMERA_ANA;uvr60_01_e17_composant;/GTC_CLS/CDG/Instances/UVR60/RES_VID_01
CDG;CAMERA_ANA;uvr60_01_e18_composant;/GTC_CLS/CDG/Instances/UVR60/RES_VID_02
CDG;CAMERA_ANA;uvr60_01_e19_composant;/GTC_CLS/CDG/Instances/UVR60/RES_VID_03
CDG;CAMERA_ANA;uvr60_01_e20_composant;/GTC_CLS/CDG/Instances/UVR60/RES_VID_04
CDG;CAMERA_ANA;uvr60_01_e21_composant;/GTC_CLS/CDG/Instances/UVR60/RES_VID_05
CDG;CAMERA_ANA;uvr60_01_e22_composant;/GTC_CLS/CDG/Instances/UVR60/RES_VID_06
CDG;CAMERA_ANA;uvr60_01_e23_composant;/GTC_CLS/CDG/Instances/UVR60/RES_VID_07
CDG;CAMERA_ANA;uvr60_01_e24_composant;/GTC_CLS/CDG/Instances/UVR60/RES_VID_08
CHD;CAMERA_ANA;uvr60_01_e21_composant;/GTC_CLS/CHD/Instances/UVR60/RES_VID_01
CHD;CAMERA_ANA;uvr60_01_e22_composant;/GTC_CLS/CHD/Instances/UVR60/RES_VID_02
CHD;CAMERA_ANA;uvr60_01_e23_composant;/GTC_CLS/CHD/Instances/UVR60/RES_VID_03
CHD;CAMERA_ANA;uvr60_01_e24_composant;/GTC_CLS/CHD/Instances/UVR60/RES_VID_04
CHU;CAMERA_ANA;uvr60_01_e22_composant;/GTC_CLS/CHU/Instances/UVR60/RES_VID_01
CHU;CAMERA_ANA;uvr60_01_e23_composant;/GTC_CLS/CHU/Instances/UVR60/RES_VID_02
CHU;CAMERA_ANA;uvr60_01_e24_composant;/GTC_CLS/CHU/Instances/UVR60/RES_VID_03
COL;CAMERA_ANA;uvr60_01_e19_composant;/GTC_CLS/COL/Instances/UVR60/RES_VID_01
COL;CAMERA_ANA;uvr60_01_e20_composant;/GTC_CLS/COL/Instances/UVR60/RES_VID_02
COL;CAMERA_ANA;uvr60_01_e21_composant;/GTC_CLS/COL/Instances/UVR60/RES_VID_03
COL;CAMERA_ANA;uvr60_01_e22_composant;/GTC_CLS/COL/Instances/UVR60/RES_VID_04
COL;CAMERA_ANA;uvr60_01_e23_composant;/GTC_CLS/COL/Instances/UVR60/RES_VID_05
COL;CAMERA_ANA;uvr60_01_e24_composant;/GTC_CLS/COL/Instances/UVR60/RES_VID_06
COR;API;api21e_e21_composant;/GTC_CLS/COR/Instances/API/RES_07
COR;CAMERA_ANA;uvr60_01_e21_composant;/GTC_CLS/COR/Instances/UVR60/RES_VID_01
COR;CAMERA_ANA;uvr60_01_e22_composant;/GTC_CLS/COR/Instances/UVR60/RES_VID_02
COR;CAMERA_ANA;uvr60_01_e23_composant;/GTC_CLS/COR/Instances/UVR60/RES_VID_03
COR;CAMERA_ANA;uvr60_01_e24_composant;/GTC_CLS/COR/Instances/UVR60/RES_VID_04
CpteursPiedPage;API;api21e_e21_composant;/GTC_CLS/COR/Instances/API/RES_07
CpteursPiedPage;CAMERA_ANA;uvr60_01_e21_composant;/GTC_CLS/COR/Instances/UVR60/RES_VID_01
CpteursPiedPage;CAMERA_ANA;uvr60_01_e22_composant;/GTC_CLS/COR/Instances/UVR60/RES_VID_02
CpteursPiedPage;CAMERA_ANA;uvr60_01_e23_composant;/GTC_CLS/COR/Instances/UVR60/RES_VID_03
CpteursPiedPage;CAMERA_ANA;uvr60_01_e24_composant;/GTC_CLS/COR/Instances/UVR60/RES_VID_04
CXC;CAMERA_ANA;uvr60_01_e16_composant;/GTC_CLS/CXC/Instances/UVR60/RES_VID_01
CXC;CAMERA_ANA;uvr60_01_e17_composant;/GTC_CLS/CXC/Instances/UVR60/RES_VID_02
CXC;CAMERA_ANA;uvr60_01_e18_composant;/GTC_CLS/CXC/Instances/UVR60/RES_VID_03
CXC;CAMERA_ANA;uvr60_01_e19_composant;/GTC_CLS/CXC/Instances/UVR60/RES_VID_04
CXC;CAMERA_ANA;uvr60_01_e20_composant;/GTC_CLS/CXC/Instances/UVR60/RES_VID_05
CXC;CAMERA_ANA;uvr60_01_e21_composant;/GTC_CLS/CXC/Instances/UVR60/RES_VID_06
CXC;CAMERA_ANA;uvr60_01_e22_composant;/GTC_CLS/CXC/Instances/UVR60/RES_VID_07
CXC;CAMERA_ANA;uvr60_01_e23_composant;/GTC_CLS/CXC/Instances/UVR60/RES_VID_08
CXC;CAMERA_ANA;uvr60_01_e24_composant;/GTC_CLS/CXC/Instances/UVR60/RES_VID_09
DDR;CAMERA_ANA;uvr60_01_e21_composant;/GTC_CLS/DDR/Instances/UVR60/RES_VID_01
DDR;CAMERA_ANA;uvr60_01_e22_composant;/GTC_CLS/DDR/Instances/UVR60/RES_VID_02
DDR;CAMERA_ANA;uvr60_01_e23_composant;/GTC_CLS/DDR/Instances/UVR60/RES_VID_03
DDR;CAMERA_ANA;uvr60_01_e24_composant;/GTC_CLS/DDR/Instances/UVR60/RES_VID_04
DDR;CAMERA_ANA;uvr60_02_e11_composant;/GTC_CLS/DDR/Instances/UVR60/RES_VID_05
DDR;CAMERA_ANA;uvr60_02_e12_composant;/GTC_CLS/DDR/Instances/UVR60/RES_VID_06
DDR;CAMERA_ANA;uvr60_02_e13_composant;/GTC_CLS/DDR/Instances/UVR60/RES_VID_07
DDR;CAMERA_ANA;uvr60_02_e14_composant;/GTC_CLS/DDR/Instances/UVR60/RES_VID_08
DDR;CAMERA_ANA;uvr60_02_e15_composant;/GTC_CLS/DDR/Instances/UVR60/RES_VID_09
DDR;CAMERA_ANA;uvr60_02_e16_composant;/GTC_CLS/DDR/Instances/UVR60/RES_VID_10
DDR;CAMERA_ANA;uvr60_02_e17_composant;/GTC_CLS/DDR/Instances/UVR60/RES_VID_11
DDR;CAMERA_ANA;uvr60_02_e18_composant;/GTC_CLS/DDR/Instances/UVR60/RES_VID_12
DDR;CAMERA_ANA;uvr60_02_e19_composant;/GTC_CLS/DDR/Instances/UVR60/RES_VID_13
DDR;CAMERA_ANA;uvr60_02_e20_composant;/GTC_CLS/DDR/Instances/UVR60/RES_VID_14
DDR;CAMERA_ANA;uvr60_02_e21_composant;/GTC_CLS/DDR/Instances/UVR60/RES_VID_15
DDR;CAMERA_ANA;uvr60_02_e22_composant;/GTC_CLS/DDR/Instances/UVR60/RES_VID_16
DDR;CAMERA_ANA;uvr60_02_e23_composant;/GTC_CLS/DDR/Instances/UVR60/RES_VID_17
DDR;CAMERA_ANA;uvr60_02_e24_composant;/GTC_CLS/DDR/Instances/UVR60/RES_VID_18
DDR;CAMERA_ANA;uvr60_03_e15_composant;/GTC_CLS/DDR/Instances/UVR60/RES_VID_19
DDR;CAMERA_ANA;uvr60_03_e16_composant;/GTC_CLS/DDR/Instances/UVR60/RES_VID_20
DDR;CAMERA_ANA;uvr60_03_e17_composant;/GTC_CLS/DDR/Instances/UVR60/RES_VID_21
DDR;CAMERA_ANA;uvr60_03_e18_composant;/GTC_CLS/DDR/Instances/UVR60/RES_VID_22
DDR;CAMERA_ANA;uvr60_03_e19_composant;/GTC_CLS/DDR/Instances/UVR60/RES_VID_23
DDR;CAMERA_ANA;uvr60_03_e20_composant;/GTC_CLS/DDR/Instances/UVR60/RES_VID_24
DDR;CAMERA_ANA;uvr60_03_e21_composant;/GTC_CLS/DDR/Instances/UVR60/RES_VID_25
DDR;CAMERA_ANA;uvr60_03_e22_composant;/GTC_CLS/DDR/Instances/UVR60/RES_VID_26
DDR;CAMERA_ANA;uvr60_03_e23_composant;/GTC_CLS/DDR/Instances/UVR60/RES_VID_27
DDR;CAMERA_ANA;uvr60_03_e24_composant;/GTC_CLS/DDR/Instances/UVR60/RES_VID_28
DFH;CAMERA_ANA;uvr60_01_e01_composant;/GTC_CLS/DDR/Instances/CameraANA/ANA_01
DFH;CAMERA_ANA;uvr60_01_e02_composant;/GTC_CLS/DDR/Instances/CameraANA/ANA_02
DFH;CAMERA_ANA;uvr60_01_e03_composant;/GTC_CLS/DDR/Instances/CameraANA/ANA_03
DFH;CAMERA_ANA;uvr60_01_e04_composant;/GTC_CLS/DDR/Instances/CameraANA/ANA_04
DFH;CAMERA_ANA;uvr60_01_e05_composant;/GTC_CLS/DDR/Instances/CameraANA/ANA_05
DFH;CAMERA_ANA;uvr60_01_e06_composant;/GTC_CLS/DDR/Instances/CameraANA/ANA_06
DFH;CAMERA_ANA;uvr60_01_e07_composant;/GTC_CLS/DDR/Instances/CameraANA/ANA_07
DFH;CAMERA_ANA;uvr60_01_e08_composant;/GTC_CLS/DDR/Instances/CameraANA/ANA_08
DFH;CAMERA_ANA;uvr60_01_e09_composant;/GTC_CLS/DDR/Instances/CameraANA/ANA_09
DFH;CAMERA_ANA;uvr60_01_e10_composant;/GTC_CLS/DDR/Instances/CameraANA/ANA_10
DFH;CAMERA_ANA;uvr60_01_e11_composant;/GTC_CLS/DDR/Instances/CameraANA/ANA_11
DFH;CAMERA_ANA;uvr60_01_e12_composant;/GTC_CLS/DDR/Instances/CameraANA/ANA_12
DFH;CAMERA_ANA;uvr60_01_e13_composant;/GTC_CLS/DDR/Instances/CameraANA/ANA_13
DFH;CAMERA_ANA;uvr60_01_e14_composant;/GTC_CLS/DDR/Instances/CameraANA/ANA_14
DFH;CAMERA_ANA;uvr60_01_e15_composant;/GTC_CLS/DDR/Instances/CameraANA/ANA_15
DFH;CAMERA_ANA;uvr60_01_e16_composant;/GTC_CLS/DDR/Instances/CameraANA/ANA_16
DFH;CAMERA_ANA;uvr60_01_e17_composant;/GTC_CLS/DDR/Instances/CameraANA/ANA_17
DFH;CAMERA_ANA;uvr60_01_e18_composant;/GTC_CLS/DDR/Instances/CameraANA/ANA_18
DFH;CAMERA_ANA;uvr60_01_e19_composant;/GTC_CLS/DDR/Instances/UVR60/RES_VID_01
DFH;CAMERA_ANA;uvr60_01_e20_composant;/GTC_CLS/DDR/Instances/UVR60/RES_VID_02
DFH;CAMERA_ANA;uvr60_01_e21_composant;/GTC_CLS/DDR/Instances/UVR60/RES_VID_03
DFH;CAMERA_ANA;uvr60_01_e22_composant;/GTC_CLS/DDR/Instances/UVR60/RES_VID_04
DFH;CAMERA_ANA;uvr60_01_e23_composant;/GTC_CLS/DDR/Instances/UVR60/RES_VID_05
DFH;CAMERA_ANA;uvr60_01_e24_composant;/GTC_CLS/DDR/Instances/UVR60/RES_VID_06
DGB;CAMERA_ANA;uvr60_01_e22_composant;/GTC_CLS/DGB/Instances/UVR60/RES_VID_01
DGB;CAMERA_ANA;uvr60_01_e23_composant;/GTC_CLS/DGB/Instances/UVR60/RES_VID_02
DGB;CAMERA_ANA;uvr60_01_e24_composant;/GTC_CLS/DGB/Instances/UVR60/RES_VID_03
DMD;CAMERA_ANA;uvr60_01_e01_composant;/GTC_CLS/DDR/Instances/CameraANA/ANA_01
DMD;CAMERA_ANA;uvr60_01_e02_composant;/GTC_CLS/DDR/Instances/CameraANA/ANA_02
DMD;CAMERA_ANA;uvr60_01_e03_composant;/GTC_CLS/DDR/Instances/CameraANA/ANA_03
DMD;CAMERA_ANA;uvr60_01_e04_composant;/GTC_CLS/DDR/Instances/CameraANA/ANA_04
DMD;CAMERA_ANA;uvr60_01_e05_composant;/GTC_CLS/DDR/Instances/CameraANA/ANA_05
DMD;CAMERA_ANA;uvr60_01_e06_composant;/GTC_CLS/DDR/Instances/CameraANA/ANA_06
DMD;CAMERA_ANA;uvr60_01_e07_composant;/GTC_CLS/DDR/Instances/CameraANA/ANA_07
DMD;CAMERA_ANA;uvr60_01_e08_composant;/GTC_CLS/DDR/Instances/CameraANA/ANA_08
DMD;CAMERA_ANA;uvr60_01_e09_composant;/GTC_CLS/DDR/Instances/CameraANA/ANA_09
DMD;CAMERA_ANA;uvr60_01_e10_composant;/GTC_CLS/DDR/Instances/CameraANA/ANA_10
DMD;CAMERA_ANA;uvr60_01_e11_composant;/GTC_CLS/DDR/Instances/CameraANA/ANA_11
DMD;CAMERA_ANA;uvr60_01_e12_composant;/GTC_CLS/DDR/Instances/CameraANA/ANA_12
DMD;CAMERA_ANA;uvr60_01_e13_composant;/GTC_CLS/DDR/Instances/CameraANA/ANA_13
DMD;CAMERA_ANA;uvr60_01_e14_composant;/GTC_CLS/DDR/Instances/UVR60/RES_VID_01
DMD;CAMERA_ANA;uvr60_01_e15_composant;/GTC_CLS/DDR/Instances/UVR60/RES_VID_02
DMD;CAMERA_ANA;uvr60_01_e16_composant;/GTC_CLS/DDR/Instances/UVR60/RES_VID_03
DMD;CAMERA_ANA;uvr60_01_e17_composant;/GTC_CLS/DDR/Instances/UVR60/RES_VID_04
DMD;CAMERA_ANA;uvr60_01_e18_composant;/GTC_CLS/DDR/Instances/UVR60/RES_VID_05
DMD;CAMERA_ANA;uvr60_01_e19_composant;/GTC_CLS/DDR/Instances/UVR60/RES_VID_06
DMD;CAMERA_ANA;uvr60_01_e20_composant;/GTC_CLS/DDR/Instances/UVR60/RES_VID_07
DMD;CAMERA_ANA;uvr60_01_e21_composant;/GTC_CLS/DDR/Instances/UVR60/RES_VID_08
DMD;CAMERA_ANA;uvr60_01_e22_composant;/GTC_CLS/DDR/Instances/UVR60/RES_VID_09
DMD;CAMERA_ANA;uvr60_01_e23_composant;/GTC_CLS/DDR/Instances/UVR60/RES_VID_10
DMD;CAMERA_ANA;uvr60_01_e24_composant;/GTC_CLS/DDR/Instances/UVR60/RES_VID_11
DQC;CAMERA_ANA;uvr60_03_e17_composant;/GTC_CLS/DQC/Instances/UVR60/RES_VID_41
DQC;CAMERA_ANA;uvr60_03_e18_composant;/GTC_CLS/DQC/Instances/UVR60/RES_VID_42
DQC;CAMERA_ANA;uvr60_03_e19_composant;/GTC_CLS/DQC/Instances/UVR60/RES_VID_43
DQC;CAMERA_ANA;uvr60_03_e20_composant;/GTC_CLS/DQC/Instances/UVR60/RES_VID_44
DQC;CAMERA_ANA;uvr60_03_e21_composant;/GTC_CLS/DQC/Instances/UVR60/RES_VID_45
DQC;CAMERA_ANA;uvr60_03_e22_composant;/GTC_CLS/DQC/Instances/UVR60/RES_VID_46
DQC;CAMERA_ANA;uvr60_03_e23_composant;/GTC_CLS/DQC/Instances/UVR60/RES_VID_47
DQC;CAMERA_ANA;uvr60_03_e24_composant;/GTC_CLS/DQC/Instances/UVR60/RES_VID_48
DQC;CAMERA_ANA;uvr60_04_e14_composant;/GTC_CLS/DQC/Instances/UVR60/RES_VID_49
DQC;CAMERA_ANA;uvr60_04_e15_composant;/GTC_CLS/DQC/Instances/UVR60/RES_VID_50
DQC;CAMERA_ANA;uvr60_04_e16_composant;/GTC_CLS/DQC/Instances/UVR60/RES_VID_51
DQC;CAMERA_ANA;uvr60_04_e17_composant;/GTC_CLS/DQC/Instances/UVR60/RES_VID_52
DQC;CAMERA_ANA;uvr60_04_e18_composant;/GTC_CLS/DQC/Instances/UVR60/RES_VID_53
DQC;CAMERA_ANA;uvr60_04_e19_composant;/GTC_CLS/DQC/Instances/UVR60/RES_VID_54
DQC;CAMERA_ANA;uvr60_04_e20_composant;/GTC_CLS/DQC/Instances/UVR60/RES_VID_55
DQC;CAMERA_ANA;uvr60_04_e21_composant;/GTC_CLS/DQC/Instances/UVR60/RES_VID_56
DQC;CAMERA_ANA;uvr60_04_e22_composant;/GTC_CLS/DQC/Instances/UVR60/RES_VID_57
DQC;CAMERA_ANA;uvr60_04_e23_composant;/GTC_CLS/DQC/Instances/UVR60/RES_VID_58
DQC;CAMERA_ANA;uvr60_04_e24_composant;/GTC_CLS/DQC/Instances/UVR60/RES_VID_59
DQC;CAMERA_ANA;uvr60_05_e09_composant;/GTC_CLS/DQC/Instances/UVR60/RES_VID_60
DQC;CAMERA_ANA;uvr60_05_e10_composant;/GTC_CLS/DQC/Instances/UVR60/RES_VID_61
DQC;CAMERA_ANA;uvr60_05_e11_composant;/GTC_CLS/DQC/Instances/UVR60/RES_VID_62
DQC;CAMERA_ANA;uvr60_05_e12_composant;/GTC_CLS/DQC/Instances/UVR60/RES_VID_63
DQC;CAMERA_ANA;uvr60_05_e13_composant;/GTC_CLS/DQC/Instances/UVR60/RES_VID_64
DQC;CAMERA_ANA;uvr60_05_e14_composant;/GTC_CLS/DQC/Instances/UVR60/RES_VID_65
DQC;CAMERA_ANA;uvr60_05_e15_composant;/GTC_CLS/DQC/Instances/UVR60/RES_VID_66
DQC;CAMERA_ANA;uvr60_05_e16_composant;/GTC_CLS/DQC/Instances/UVR60/RES_VID_67
DQC;CAMERA_ANA;uvr60_05_e17_composant;/GTC_CLS/DQC/Instances/UVR60/RES_VID_68
DQC;CAMERA_ANA;uvr60_05_e18_composant;/GTC_CLS/DQC/Instances/UVR60/RES_VID_69
DQC;CAMERA_ANA;uvr60_05_e19_composant;/GTC_CLS/DQC/Instances/UVR60/RES_VID_70
DQC;CAMERA_ANA;uvr60_05_e20_composant;/GTC_CLS/DQC/Instances/UVR60/RES_VID_71
DQC;CAMERA_ANA;uvr60_05_e21_composant;/GTC_CLS/DQC/Instances/UVR60/RES_VID_72
DQC;CAMERA_ANA;uvr60_05_e22_composant;/GTC_CLS/DQC/Instances/UVR60/RES_VID_73
DQC;CAMERA_ANA;uvr60_05_e23_composant;/GTC_CLS/DQC/Instances/UVR60/RES_VID_74
DQC;CAMERA_ANA;uvr60_05_e24_composant;/GTC_CLS/DQC/Instances/UVR60/RES_VID_75
DQC;CAMERA_ANA;uvr60_06_e13_composant;/GTC_CLS/DQC/Instances/UVR60/RES_VID_76
DQC;CAMERA_ANA;uvr60_06_e14_composant;/GTC_CLS/DQC/Instances/UVR60/RES_VID_77
DQC;CAMERA_ANA;uvr60_06_e15_composant;/GTC_CLS/DQC/Instances/UVR60/RES_VID_78
DQC;CAMERA_ANA;uvr60_06_e16_composant;/GTC_CLS/DQC/Instances/UVR60/RES_VID_79
DQC;CAMERA_ANA;uvr60_06_e17_composant;/GTC_CLS/DQC/Instances/UVR60/RES_VID_80
DQC;CAMERA_ANA;uvr60_06_e18_composant;/GTC_CLS/DQC/Instances/UVR60/RES_VID_81
DQC;CAMERA_ANA;uvr60_06_e19_composant;/GTC_CLS/DQC/Instances/UVR60/RES_VID_82
DQC;CAMERA_ANA;uvr60_06_e20_composant;/GTC_CLS/DQC/Instances/UVR60/RES_VID_83
DQC;CAMERA_ANA;uvr60_06_e21_composant;/GTC_CLS/DQC/Instances/UVR60/RES_VID_84
DQC;CAMERA_ANA;uvr60_06_e22_composant;/GTC_CLS/DQC/Instances/UVR60/RES_VID_85
DQC;CAMERA_ANA;uvr60_06_e23_composant;/GTC_CLS/DQC/Instances/UVR60/RES_VID_86
DQC;CAMERA_ANA;uvr60_06_e24_composant;/GTC_CLS/DQC/Instances/UVR60/RES_VID_87
DRB;CAMERA_ANA;uvr60_01_e18_composant;/GTC_CLS/DRB/Instances/UVR60/RES_VID_01
DRB;CAMERA_ANA;uvr60_01_e19_composant;/GTC_CLS/DRB/Instances/UVR60/RES_VID_02
DRB;CAMERA_ANA;uvr60_01_e20_composant;/GTC_CLS/DRB/Instances/UVR60/RES_VID_03
DRB;CAMERA_ANA;uvr60_01_e21_composant;/GTC_CLS/DRB/Instances/UVR60/RES_VID_04
DRB;CAMERA_ANA;uvr60_01_e22_composant;/GTC_CLS/DRB/Instances/UVR60/RES_VID_05
DRB;CAMERA_ANA;uvr60_01_e23_composant;/GTC_CLS/DRB/Instances/UVR60/RES_VID_06
DRB;CAMERA_ANA;uvr60_01_e24_composant;/GTC_CLS/DRB/Instances/UVR60/RES_VID_07
DRB;CAMERA_ANA;uvr60_02_e01_composant;/GTC_CLS/DRB/Instances/UVR60/RES_VID_08
DRB;CAMERA_ANA;uvr60_02_e02_composant;/GTC_CLS/DRB/Instances/UVR60/RES_VID_09
DRB;CAMERA_ANA;uvr60_02_e03_composant;/GTC_CLS/DRB/Instances/UVR60/RES_VID_10
DRB;CAMERA_ANA;uvr60_02_e04_composant;/GTC_CLS/DRB/Instances/UVR60/RES_VID_11
DRB;CAMERA_ANA;uvr60_02_e05_composant;/GTC_CLS/DRB/Instances/UVR60/RES_VID_12
DRB;CAMERA_ANA;uvr60_02_e06_composant;/GTC_CLS/DRB/Instances/UVR60/RES_VID_13
DRB;CAMERA_ANA;uvr60_02_e07_composant;/GTC_CLS/DRB/Instances/UVR60/RES_VID_14
DRB;CAMERA_ANA;uvr60_02_e08_composant;/GTC_CLS/DRB/Instances/UVR60/RES_VID_15
DRB;CAMERA_ANA;uvr60_02_e09_composant;/GTC_CLS/DRB/Instances/UVR60/RES_VID_16
DRB;CAMERA_ANA;uvr60_02_e10_composant;/GTC_CLS/DRB/Instances/UVR60/RES_VID_17
DRB;CAMERA_ANA;uvr60_02_e11_composant;/GTC_CLS/DRB/Instances/UVR60/RES_VID_18
DRB;CAMERA_ANA;uvr60_02_e12_composant;/GTC_CLS/DRB/Instances/UVR60/RES_VID_19
DRB;CAMERA_ANA;uvr60_02_e13_composant;/GTC_CLS/DRB/Instances/UVR60/RES_VID_20
DRB;CAMERA_ANA;uvr60_02_e14_composant;/GTC_CLS/DRB/Instances/UVR60/RES_VID_21
DRB;CAMERA_ANA;uvr60_02_e15_composant;/GTC_CLS/DRB/Instances/UVR60/RES_VID_22
DRB;CAMERA_ANA;uvr60_02_e16_composant;/GTC_CLS/DRB/Instances/UVR60/RES_VID_23
DRB;CAMERA_ANA;uvr60_02_e17_composant;/GTC_CLS/DRB/Instances/UVR60/RES_VID_24
DRB;CAMERA_ANA;uvr60_02_e18_composant;/GTC_CLS/DRB/Instances/UVR60/RES_VID_25
DRB;CAMERA_ANA;uvr60_02_e19_composant;/GTC_CLS/DRB/Instances/UVR60/RES_VID_26
DRB;CAMERA_ANA;uvr60_02_e20_composant;/GTC_CLS/DRB/Instances/UVR60/RES_VID_27
DRB;CAMERA_ANA;uvr60_02_e21_composant;/GTC_CLS/DRB/Instances/UVR60/RES_VID_28
DRB;CAMERA_ANA;uvr60_02_e22_composant;/GTC_CLS/DRB/Instances/UVR60/RES_VID_29
DRB;CAMERA_ANA;uvr60_02_e23_composant;/GTC_CLS/DRB/Instances/UVR60/RES_VID_30
DRB;CAMERA_ANA;uvr60_02_e24_composant;/GTC_CLS/DRB/Instances/UVR60/RES_VID_31
EPL;CAMERA_ANA;uvr60_01_e15_composant;/GTC_CLS/EPL/Instances/UVR60/RES_VID_01
EPL;CAMERA_ANA;uvr60_01_e16_composant;/GTC_CLS/EPL/Instances/UVR60/RES_VID_02
EPL;CAMERA_ANA;uvr60_01_e17_composant;/GTC_CLS/EPL/Instances/UVR60/RES_VID_03
EPL;CAMERA_ANA;uvr60_01_e18_composant;/GTC_CLS/EPL/Instances/UVR60/RES_VID_04
EPL;CAMERA_ANA;uvr60_01_e19_composant;/GTC_CLS/EPL/Instances/UVR60/RES_VID_05
EPL;CAMERA_ANA;uvr60_01_e20_composant;/GTC_CLS/EPL/Instances/UVR60/RES_VID_06
EPL;CAMERA_ANA;uvr60_01_e21_composant;/GTC_CLS/EPL/Instances/UVR60/RES_VID_07
EPL;CAMERA_ANA;uvr60_01_e22_composant;/GTC_CLS/EPL/Instances/UVR60/RES_VID_08
EPL;CAMERA_ANA;uvr60_01_e23_composant;/GTC_CLS/EPL/Instances/UVR60/RES_VID_09
EPL;CAMERA_ANA;uvr60_01_e24_composant;/GTC_CLS/EPL/Instances/UVR60/RES_VID_10
EtatEnregUVE101;CAMERA_ANA;uvr60_01_e15_composant;/GTC_CLS/EPL/Instances/UVR60/RES_VID_01
EtatEnregUVE101;CAMERA_ANA;uvr60_01_e16_composant;/GTC_CLS/EPL/Instances/UVR60/RES_VID_02
EtatEnregUVE101;CAMERA_ANA;uvr60_01_e17_composant;/GTC_CLS/EPL/Instances/UVR60/RES_VID_03
EtatEnregUVE101;CAMERA_ANA;uvr60_01_e18_composant;/GTC_CLS/EPL/Instances/UVR60/RES_VID_04
EtatEnregUVE101;CAMERA_ANA;uvr60_01_e19_composant;/GTC_CLS/EPL/Instances/UVR60/RES_VID_05
EtatEnregUVE101;CAMERA_ANA;uvr60_01_e20_composant;/GTC_CLS/EPL/Instances/UVR60/RES_VID_06
EtatEnregUVE101;CAMERA_ANA;uvr60_01_e21_composant;/GTC_CLS/EPL/Instances/UVR60/RES_VID_07
EtatEnregUVE101;CAMERA_ANA;uvr60_01_e22_composant;/GTC_CLS/EPL/Instances/UVR60/RES_VID_08
EtatEnregUVE101;CAMERA_ANA;uvr60_01_e23_composant;/GTC_CLS/EPL/Instances/UVR60/RES_VID_09
EtatEnregUVE101;CAMERA_ANA;uvr60_01_e24_composant;/GTC_CLS/EPL/Instances/UVR60/RES_VID_10
ETP;CAMERA_ANA;uvr60_01_e22_composant;/GTC_CLS/ETP/Instances/UVR60/RES_VID_01
ETP;CAMERA_ANA;uvr60_01_e23_composant;/GTC_CLS/ETP/Instances/UVR60/RES_VID_02
ETP;CAMERA_ANA;uvr60_01_e24_composant;/GTC_CLS/ETP/Instances/UVR60/RES_VID_03
ETP;CAMERA_ANA;uvr60_02_e13_composant;/GTC_CLS/ETP/Instances/UVR60/RES_VID_04
ETP;CAMERA_ANA;uvr60_02_e14_composant;/GTC_CLS/ETP/Instances/UVR60/RES_VID_05
ETP;CAMERA_ANA;uvr60_02_e15_composant;/GTC_CLS/ETP/Instances/UVR60/RES_VID_06
ETP;CAMERA_ANA;uvr60_02_e16_composant;/GTC_CLS/ETP/Instances/UVR60/RES_VID_07
ETP;CAMERA_ANA;uvr60_02_e17_composant;/GTC_CLS/ETP/Instances/UVR60/RES_VID_08
ETP;CAMERA_ANA;uvr60_02_e18_composant;/GTC_CLS/ETP/Instances/UVR60/RES_VID_09
ETP;CAMERA_ANA;uvr60_02_e19_composant;/GTC_CLS/ETP/Instances/UVR60/RES_VID_10
ETP;CAMERA_ANA;uvr60_02_e20_composant;/GTC_CLS/ETP/Instances/UVR60/RES_VID_11
ETP;CAMERA_ANA;uvr60_02_e21_composant;/GTC_CLS/ETP/Instances/UVR60/RES_VID_12
ETP;CAMERA_ANA;uvr60_02_e22_composant;/GTC_CLS/ETP/Instances/UVR60/RES_VID_13
ETP;CAMERA_ANA;uvr60_02_e23_composant;/GTC_CLS/ETP/Instances/UVR60/RES_VID_14
ETP;CAMERA_ANA;uvr60_02_e24_composant;/GTC_CLS/ETP/Instances/UVR60/RES_VID_15
FDM;CAMERA_ANA;uvr60_01_e13_composant;/GTC_CLS/FDM/Instances/UVR60/RES_VID_01
FDM;CAMERA_ANA;uvr60_01_e14_composant;/GTC_CLS/FDM/Instances/UVR60/RES_VID_02
FDM;CAMERA_ANA;uvr60_01_e15_composant;/GTC_CLS/FDM/Instances/UVR60/RES_VID_03
FDM;CAMERA_ANA;uvr60_01_e16_composant;/GTC_CLS/FDM/Instances/UVR60/RES_VID_04
FDM;CAMERA_ANA;uvr60_01_e17_composant;/GTC_CLS/FDM/Instances/UVR60/RES_VID_05
FDM;CAMERA_ANA;uvr60_01_e18_composant;/GTC_CLS/FDM/Instances/UVR60/RES_VID_06
FDM;CAMERA_ANA;uvr60_01_e19_composant;/GTC_CLS/FDM/Instances/UVR60/RES_VID_07
FDM;CAMERA_ANA;uvr60_01_e20_composant;/GTC_CLS/FDM/Instances/UVR60/RES_VID_08
FDM;CAMERA_ANA;uvr60_01_e21_composant;/GTC_CLS/FDM/Instances/UVR60/RES_VID_09
FDM;CAMERA_ANA;uvr60_01_e22_composant;/GTC_CLS/FDM/Instances/UVR60/RES_VID_10
FDM;CAMERA_ANA;uvr60_01_e23_composant;/GTC_CLS/FDM/Instances/UVR60/RES_VID_11
FDM;CAMERA_ANA;uvr60_01_e24_composant;/GTC_CLS/FDM/Instances/UVR60/RES_VID_12
GDT;CAMERA_ANA;uvr60_01_e18_composant;/GTC_CLS/GDT/Instances/UVR60/RES_VID_01
GDT;CAMERA_ANA;uvr60_01_e19_composant;/GTC_CLS/GDT/Instances/UVR60/RES_VID_02
GDT;CAMERA_ANA;uvr60_01_e20_composant;/GTC_CLS/GDT/Instances/UVR60/RES_VID_03
GDT;CAMERA_ANA;uvr60_01_e21_composant;/GTC_CLS/GDT/Instances/UVR60/RES_VID_04
GDT;CAMERA_ANA;uvr60_01_e22_composant;/GTC_CLS/GDT/Instances/UVR60/RES_VID_05
GDT;CAMERA_ANA;uvr60_01_e23_composant;/GTC_CLS/GDT/Instances/UVR60/RES_VID_06
GDT;CAMERA_ANA;uvr60_01_e24_composant;/GTC_CLS/GDT/Instances/UVR60/RES_VID_07
GestionDesListes;CAMERA_ANA;uvr60_01_e18_composant;/GTC_CLS/GDT/Instances/UVR60/RES_VID_01
GestionDesListes;CAMERA_ANA;uvr60_01_e19_composant;/GTC_CLS/GDT/Instances/UVR60/RES_VID_02
GestionDesListes;CAMERA_ANA;uvr60_01_e20_composant;/GTC_CLS/GDT/Instances/UVR60/RES_VID_03
GestionDesListes;CAMERA_ANA;uvr60_01_e21_composant;/GTC_CLS/GDT/Instances/UVR60/RES_VID_04
GestionDesListes;CAMERA_ANA;uvr60_01_e22_composant;/GTC_CLS/GDT/Instances/UVR60/RES_VID_05
GestionDesListes;CAMERA_ANA;uvr60_01_e23_composant;/GTC_CLS/GDT/Instances/UVR60/RES_VID_06
GestionDesListes;CAMERA_ANA;uvr60_01_e24_composant;/GTC_CLS/GDT/Instances/UVR60/RES_VID_07
GestionFichierCheminIni;CAMERA_ANA;uvr60_01_e18_composant;/GTC_CLS/GDT/Instances/UVR60/RES_VID_01
GestionFichierCheminIni;CAMERA_ANA;uvr60_01_e19_composant;/GTC_CLS/GDT/Instances/UVR60/RES_VID_02
GestionFichierCheminIni;CAMERA_ANA;uvr60_01_e20_composant;/GTC_CLS/GDT/Instances/UVR60/RES_VID_03
GestionFichierCheminIni;CAMERA_ANA;uvr60_01_e21_composant;/GTC_CLS/GDT/Instances/UVR60/RES_VID_04
GestionFichierCheminIni;CAMERA_ANA;uvr60_01_e22_composant;/GTC_CLS/GDT/Instances/UVR60/RES_VID_05
GestionFichierCheminIni;CAMERA_ANA;uvr60_01_e23_composant;/GTC_CLS/GDT/Instances/UVR60/RES_VID_06
GestionFichierCheminIni;CAMERA_ANA;uvr60_01_e24_composant;/GTC_CLS/GDT/Instances/UVR60/RES_VID_07
GLE;API;api21e_e15_composant;/GTC_CLS/GLE/Instances/API/SEC_01
GLE;API;api21e_e16_composant;/GTC_CLS/GLE/Instances/API/SEC_02
GLE;CAMERA_ANA;uvr60_01_e17_composant;/GTC_CLS/GLE/Instances/UVR60/RES_VID_01
GLE;CAMERA_ANA;uvr60_01_e18_composant;/GTC_CLS/GLE/Instances/UVR60/RES_VID_02
GLE;CAMERA_ANA;uvr60_01_e19_composant;/GTC_CLS/GLE/Instances/UVR60/RES_VID_03
GLE;CAMERA_ANA;uvr60_01_e20_composant;/GTC_CLS/GLE/Instances/UVR60/RES_VID_04
GLE;CAMERA_ANA;uvr60_01_e21_composant;/GTC_CLS/GLE/Instances/UVR60/RES_VID_05
GLE;CAMERA_ANA;uvr60_01_e22_composant;/GTC_CLS/GLE/Instances/UVR60/RES_VID_06
GLE;CAMERA_ANA;uvr60_01_e23_composant;/GTC_CLS/GLE/Instances/UVR60/RES_VID_07
GLE;CAMERA_ANA;uvr60_01_e24_composant;/GTC_CLS/GLE/Instances/UVR60/RES_VID_08
GLE;CAMERA_ANA;uvr60_02_e14_composant;/GTC_CLS/GLE/Instances/UVR60/RES_VID_09
GLE;CAMERA_ANA;uvr60_02_e15_composant;/GTC_CLS/GLE/Instances/UVR60/RES_VID_10
GLE;CAMERA_ANA;uvr60_02_e16_composant;/GTC_CLS/GLE/Instances/UVR60/RES_VID_11
GLE;CAMERA_ANA;uvr60_02_e17_composant;/GTC_CLS/GLE/Instances/UVR60/RES_VID_12
GLE;CAMERA_ANA;uvr60_02_e18_composant;/GTC_CLS/GLE/Instances/UVR60/RES_VID_13
GLE;CAMERA_ANA;uvr60_02_e19_composant;/GTC_CLS/GLE/Instances/UVR60/RES_VID_14
GLE;CAMERA_ANA;uvr60_02_e20_composant;/GTC_CLS/GLE/Instances/UVR60/RES_VID_15
GLE;CAMERA_ANA;uvr60_02_e21_composant;/GTC_CLS/GLE/Instances/UVR60/RES_VID_16
GLE;CAMERA_ANA;uvr60_02_e22_composant;/GTC_CLS/GLE/Instances/UVR60/RES_VID_17
GLE;CAMERA_ANA;uvr60_02_e23_composant;/GTC_CLS/GLE/Instances/UVR60/RES_VID_18
GLE;CAMERA_ANA;uvr60_02_e24_composant;/GTC_CLS/GLE/Instances/UVR60/RES_VID_19
GLF;API;api35e_e23_composant;/GTC_CLS/GLF/Instances/API/AU_PV_02
GLF;API;api35e_e31_composant;/GTC_CLS/GLF/Instances/API/RES_02
GLF;CAMERA_ANA;uvr60_02_e16_composant;/GTC_CLS/GLF/Instances/UVR60/RES_VID_01
GLF;CAMERA_ANA;uvr60_02_e21_composant;/GTC_CLS/GLF/Instances/UVR60/RES_VID_02
GLF;CAMERA_ANA;uvr60_02_e22_composant;/GTC_CLS/GLF/Instances/UVR60/RES_VID_03
GLF;CAMERA_ANA;uvr60_02_e23_composant;/GTC_CLS/GLF/Instances/UVR60/RES_VID_04
GLF;CAMERA_ANA;uvr60_02_e24_composant;/GTC_CLS/GLF/Instances/UVR60/RES_VID_05
GLF;CAMERA_ANA;uvr60_03_e21_composant;/GTC_CLS/GLF/Instances/UVR60/RES_VID_06
GLF;CAMERA_ANA;uvr60_03_e22_composant;/GTC_CLS/GLF/Instances/UVR60/RES_VID_07
GLF;CAMERA_ANA;uvr60_03_e23_composant;/GTC_CLS/GLF/Instances/UVR60/RES_VID_08
GLF;CAMERA_ANA;uvr60_03_e24_composant;/GTC_CLS/GLF/Instances/UVR60/RES_VID_09
GLF;CAMERA_ANA;uvr60_04_e16_composant;/GTC_CLS/GLF/Instances/UVR60/RES_VID_10
GLF;CAMERA_ANA;uvr60_04_e17_composant;/GTC_CLS/GLF/Instances/UVR60/RES_VID_11
GLF;CAMERA_ANA;uvr60_04_e18_composant;/GTC_CLS/GLF/Instances/UVR60/RES_VID_12
GLF;CAMERA_ANA;uvr60_04_e19_composant;/GTC_CLS/GLF/Instances/UVR60/RES_VID_13
GLF;CAMERA_ANA;uvr60_04_e20_composant;/GTC_CLS/GLF/Instances/UVR60/RES_VID_14
GLF;CAMERA_ANA;uvr60_04_e21_composant;/GTC_CLS/GLF/Instances/UVR60/RES_VID_15
GLF;CAMERA_ANA;uvr60_04_e22_composant;/GTC_CLS/GLF/Instances/UVR60/RES_VID_16
GLF;CAMERA_ANA;uvr60_04_e23_composant;/GTC_CLS/GLF/Instances/UVR60/RES_VID_17
GLF;CAMERA_ANA;uvr60_04_e24_composant;/GTC_CLS/GLF/Instances/UVR60/RES_VID_18
GLR;CAMERA_ANA;uvr60_01_e17_composant;/GTC_CLS/GLR/Instances/UVR60/RES_VID_01
GLR;CAMERA_ANA;uvr60_01_e18_composant;/GTC_CLS/GLR/Instances/UVR60/RES_VID_02
GLR;CAMERA_ANA;uvr60_01_e19_composant;/GTC_CLS/GLR/Instances/UVR60/RES_VID_03
GLR;CAMERA_ANA;uvr60_01_e20_composant;/GTC_CLS/GLR/Instances/UVR60/RES_VID_04
GLR;CAMERA_ANA;uvr60_01_e21_composant;/GTC_CLS/GLR/Instances/UVR60/RES_VID_05
GLR;CAMERA_ANA;uvr60_01_e22_composant;/GTC_CLS/GLR/Instances/UVR60/RES_VID_06
GLR;CAMERA_ANA;uvr60_01_e23_composant;/GTC_CLS/GLR/Instances/UVR60/RES_VID_07
GLR;CAMERA_ANA;uvr60_01_e24_composant;/GTC_CLS/GLR/Instances/UVR60/RES_VID_08
GPL;CAMERA_ANA;uvr60_01_e19_composant;/GTC_CLS/GPL/Instances/UVR60/RES_VID_01
GPL;CAMERA_ANA;uvr60_01_e20_composant;/GTC_CLS/GPL/Instances/UVR60/RES_VID_02
GPL;CAMERA_ANA;uvr60_01_e21_composant;/GTC_CLS/GPL/Instances/UVR60/RES_VID_03
GPL;CAMERA_ANA;uvr60_01_e22_composant;/GTC_CLS/GPL/Instances/UVR60/RES_VID_04
GPL;CAMERA_ANA;uvr60_01_e23_composant;/GTC_CLS/GPL/Instances/UVR60/RES_VID_05
GPL;CAMERA_ANA;uvr60_01_e24_composant;/GTC_CLS/GPL/Instances/UVR60/RES_VID_06
HDV;CAMERA_ANA;uvr60_02_e17_composant;/GTC_CLS/HDV/Instances/UVR60/RES_VID_01
HDV;CAMERA_ANA;uvr60_02_e18_composant;/GTC_CLS/HDV/Instances/UVR60/RES_VID_02
HDV;CAMERA_ANA;uvr60_02_e19_composant;/GTC_CLS/HDV/Instances/UVR60/RES_VID_03
HDV;CAMERA_ANA;uvr60_02_e20_composant;/GTC_CLS/HDV/Instances/UVR60/RES_VID_04
HDV;CAMERA_ANA;uvr60_02_e21_composant;/GTC_CLS/HDV/Instances/UVR60/RES_VID_05
HDV;CAMERA_ANA;uvr60_02_e22_composant;/GTC_CLS/HDV/Instances/UVR60/RES_VID_06
HDV;CAMERA_ANA;uvr60_02_e23_composant;/GTC_CLS/HDV/Instances/UVR60/RES_VID_07
HDV;CAMERA_ANA;uvr60_02_e24_composant;/GTC_CLS/HDV/Instances/UVR60/RES_VID_08
HEL;CAMERA_ANA;uvr60_01_e22_composant;/GTC_CLS/HEL/Instances/UVR60/RES_VID_01
HEL;CAMERA_ANA;uvr60_01_e23_composant;/GTC_CLS/HEL/Instances/UVR60/RES_VID_02
HEL;CAMERA_ANA;uvr60_01_e24_composant;/GTC_CLS/HEL/Instances/UVR60/RES_VID_03
IHM_Mobile;CAMERA_ANA;uvr60_01_e22_composant;/GTC_CLS/HEL/Instances/UVR60/RES_VID_01
IHM_Mobile;CAMERA_ANA;uvr60_01_e23_composant;/GTC_CLS/HEL/Instances/UVR60/RES_VID_02
IHM_Mobile;CAMERA_ANA;uvr60_01_e24_composant;/GTC_CLS/HEL/Instances/UVR60/RES_VID_03
JJS;CAMERA_ANA;uvr60_01_e20_composant;/GTC_CLS/JJS/Instances/UVR60/RES_VID_01
JJS;CAMERA_ANA;uvr60_01_e21_composant;/GTC_CLS/JJS/Instances/UVR60/RES_VID_02
JJS;CAMERA_ANA;uvr60_01_e22_composant;/GTC_CLS/JJS/Instances/UVR60/RES_VID_03
JJS;CAMERA_ANA;uvr60_01_e23_composant;/GTC_CLS/JJS/Instances/UVR60/RES_VID_04
JJS;CAMERA_ANA;uvr60_01_e24_composant;/GTC_CLS/JJS/Instances/UVR60/RES_VID_05
LAM;CAMERA_ANA;uvr60_01_e20_composant;/GTC_CLS/LAM/Instances/UVR60/RES_VID_01
LAM;CAMERA_ANA;uvr60_01_e21_composant;/GTC_CLS/LAM/Instances/UVR60/RES_VID_02
LAM;CAMERA_ANA;uvr60_01_e22_composant;/GTC_CLS/LAM/Instances/UVR60/RES_VID_03
LAM;CAMERA_ANA;uvr60_01_e23_composant;/GTC_CLS/LAM/Instances/UVR60/RES_VID_04
LAM;CAMERA_ANA;uvr60_01_e24_composant;/GTC_CLS/LAM/Instances/UVR60/RES_VID_05
LGP;CAMERA_ANA;uvr60_01_e21_composant;/GTC_CLS/LGP/Instances/UVR60/RES_VID_01
LGP;CAMERA_ANA;uvr60_01_e22_composant;/GTC_CLS/LGP/Instances/UVR60/RES_VID_02
LGP;CAMERA_ANA;uvr60_01_e23_composant;/GTC_CLS/LGP/Instances/UVR60/RES_VID_03
LGP;CAMERA_ANA;uvr60_01_e24_composant;/GTC_CLS/LGP/Instances/UVR60/RES_VID_04
LLA;CAMERA_ANA;uvr60_01_e12_composant;/GTC_CLS/LLA/Instances/UVR60/RES_VID_01
LLA;CAMERA_ANA;uvr60_01_e13_composant;/GTC_CLS/LLA/Instances/UVR60/RES_VID_02
LLA;CAMERA_ANA;uvr60_01_e14_composant;/GTC_CLS/LLA/Instances/UVR60/RES_VID_03
LLA;CAMERA_ANA;uvr60_01_e15_composant;/GTC_CLS/LLA/Instances/UVR60/RES_VID_04
LLA;CAMERA_ANA;uvr60_01_e16_composant;/GTC_CLS/LLA/Instances/UVR60/RES_VID_05
LLA;CAMERA_ANA;uvr60_01_e17_composant;/GTC_CLS/LLA/Instances/UVR60/RES_VID_06
LLA;CAMERA_ANA;uvr60_01_e18_composant;/GTC_CLS/LLA/Instances/UVR60/RES_VID_07
LLA;CAMERA_ANA;uvr60_01_e19_composant;/GTC_CLS/LLA/Instances/UVR60/RES_VID_08
LLA;CAMERA_ANA;uvr60_01_e20_composant;/GTC_CLS/LLA/Instances/UVR60/RES_VID_09
LLA;CAMERA_ANA;uvr60_01_e21_composant;/GTC_CLS/LLA/Instances/UVR60/RES_VID_10
LLA;CAMERA_ANA;uvr60_01_e22_composant;/GTC_CLS/LLA/Instances/UVR60/RES_VID_11
LLA;CAMERA_ANA;uvr60_01_e23_composant;/GTC_CLS/LLA/Instances/UVR60/RES_VID_12
LLA;CAMERA_ANA;uvr60_01_e24_composant;/GTC_CLS/LLA/Instances/UVR60/RES_VID_13
LLA;CAMERA_ANA;uvr60_02_e11_composant;/GTC_CLS/LLA/Instances/UVR60/RES_VID_14
LLA;CAMERA_ANA;uvr60_02_e12_composant;/GTC_CLS/LLA/Instances/UVR60/RES_VID_15
LLA;CAMERA_ANA;uvr60_02_e13_composant;/GTC_CLS/LLA/Instances/UVR60/RES_VID_16
LLA;CAMERA_ANA;uvr60_02_e14_composant;/GTC_CLS/LLA/Instances/UVR60/RES_VID_17
LLA;CAMERA_ANA;uvr60_02_e15_composant;/GTC_CLS/LLA/Instances/UVR60/RES_VID_18
LLA;CAMERA_ANA;uvr60_02_e16_composant;/GTC_CLS/LLA/Instances/UVR60/RES_VID_19
LLA;CAMERA_ANA;uvr60_02_e17_composant;/GTC_CLS/LLA/Instances/UVR60/RES_VID_20
LLA;CAMERA_ANA;uvr60_02_e18_composant;/GTC_CLS/LLA/Instances/UVR60/RES_VID_21
LLA;CAMERA_ANA;uvr60_02_e19_composant;/GTC_CLS/LLA/Instances/UVR60/RES_VID_22
LLA;CAMERA_ANA;uvr60_02_e20_composant;/GTC_CLS/LLA/Instances/UVR60/RES_VID_23
LLA;CAMERA_ANA;uvr60_02_e21_composant;/GTC_CLS/LLA/Instances/UVR60/RES_VID_24
LLA;CAMERA_ANA;uvr60_02_e22_composant;/GTC_CLS/LLA/Instances/UVR60/RES_VID_25
LLA;CAMERA_ANA;uvr60_02_e23_composant;/GTC_CLS/LLA/Instances/UVR60/RES_VID_26
LLA;CAMERA_ANA;uvr60_02_e24_composant;/GTC_CLS/LLA/Instances/UVR60/RES_VID_27
MCX;CAMERA_ANA;uvr60_01_e17_composant;/GTC_CLS/MCX/Instances/UVR60/RES_VID_01
MCX;CAMERA_ANA;uvr60_01_e18_composant;/GTC_CLS/MCX/Instances/UVR60/RES_VID_02
MCX;CAMERA_ANA;uvr60_01_e19_composant;/GTC_CLS/MCX/Instances/UVR60/RES_VID_03
MCX;CAMERA_ANA;uvr60_01_e20_composant;/GTC_CLS/MCX/Instances/UVR60/RES_VID_04
MCX;CAMERA_ANA;uvr60_01_e21_composant;/GTC_CLS/MCX/Instances/UVR60/RES_VID_05
MCX;CAMERA_ANA;uvr60_01_e22_composant;/GTC_CLS/MCX/Instances/UVR60/RES_VID_06
MCX;CAMERA_ANA;uvr60_01_e23_composant;/GTC_CLS/MCX/Instances/UVR60/RES_VID_07
MCX;CAMERA_ANA;uvr60_01_e24_composant;/GTC_CLS/MCX/Instances/UVR60/RES_VID_08
MDE;CAMERA_ANA;uvr60_01_e19_composant;/GTC_CLS/MDE/Instances/UVR60/RES_VID_01
MDE;CAMERA_ANA;uvr60_01_e20_composant;/GTC_CLS/MDE/Instances/UVR60/RES_VID_02
MDE;CAMERA_ANA;uvr60_01_e21_composant;/GTC_CLS/MDE/Instances/UVR60/RES_VID_03
MDE;CAMERA_ANA;uvr60_01_e22_composant;/GTC_CLS/MDE/Instances/UVR60/RES_VID_04
MDE;CAMERA_ANA;uvr60_01_e23_composant;/GTC_CLS/MDE/Instances/UVR60/RES_VID_05
MDE;CAMERA_ANA;uvr60_01_e24_composant;/GTC_CLS/MDE/Instances/UVR60/RES_VID_06
MDL;CAMERA_ANA;uvr60_01_e21_composant;/GTC_CLS/MDL/Instances/UVR60/RES_VID_01
MDL;CAMERA_ANA;uvr60_01_e22_composant;/GTC_CLS/MDL/Instances/UVR60/RES_VID_02
MDL;CAMERA_ANA;uvr60_01_e23_composant;/GTC_CLS/MDL/Instances/UVR60/RES_VID_03
MDL;CAMERA_ANA;uvr60_01_e24_composant;/GTC_CLS/MDL/Instances/UVR60/RES_VID_04
MDM;CAMERA_ANA;uvr60_01_e15_composant;/GTC_CLS/MDM/Instances/UVR60/RES_VID_01
MDM;CAMERA_ANA;uvr60_01_e16_composant;/GTC_CLS/MDM/Instances/UVR60/RES_VID_02
MDM;CAMERA_ANA;uvr60_01_e17_composant;/GTC_CLS/MDM/Instances/UVR60/RES_VID_03
MDM;CAMERA_ANA;uvr60_01_e18_composant;/GTC_CLS/MDM/Instances/UVR60/RES_VID_04
MDM;CAMERA_ANA;uvr60_01_e19_composant;/GTC_CLS/MDM/Instances/UVR60/RES_VID_05
MDM;CAMERA_ANA;uvr60_01_e20_composant;/GTC_CLS/MDM/Instances/UVR60/RES_VID_06
MDM;CAMERA_ANA;uvr60_01_e21_composant;/GTC_CLS/MDM/Instances/UVR60/RES_VID_07
MDM;CAMERA_ANA;uvr60_01_e22_composant;/GTC_CLS/MDM/Instances/UVR60/RES_VID_08
MDM;CAMERA_ANA;uvr60_01_e23_composant;/GTC_CLS/MDM/Instances/UVR60/RES_VID_09
MDM;CAMERA_ANA;uvr60_01_e24_composant;/GTC_CLS/MDM/Instances/UVR60/RES_VID_10
MER;CAMERA_ANA;uvr60_01_e13_composant;/GTC_CLS/MER/Instances/UVR60/RES_VID_01
MER;CAMERA_ANA;uvr60_01_e14_composant;/GTC_CLS/MER/Instances/UVR60/RES_VID_02
MER;CAMERA_ANA;uvr60_01_e15_composant;/GTC_CLS/MER/Instances/UVR60/RES_VID_03
MER;CAMERA_ANA;uvr60_01_e16_composant;/GTC_CLS/MER/Instances/UVR60/RES_VID_04
MER;CAMERA_ANA;uvr60_01_e17_composant;/GTC_CLS/MER/Instances/UVR60/RES_VID_05
MER;CAMERA_ANA;uvr60_01_e18_composant;/GTC_CLS/MER/Instances/UVR60/RES_VID_06
MER;CAMERA_ANA;uvr60_01_e19_composant;/GTC_CLS/MER/Instances/UVR60/RES_VID_07
MER;CAMERA_ANA;uvr60_01_e20_composant;/GTC_CLS/MER/Instances/UVR60/RES_VID_08
MER;CAMERA_ANA;uvr60_01_e21_composant;/GTC_CLS/MER/Instances/UVR60/RES_VID_09
MER;CAMERA_ANA;uvr60_01_e22_composant;/GTC_CLS/MER/Instances/UVR60/RES_VID_10
MER;CAMERA_ANA;uvr60_01_e23_composant;/GTC_CLS/MER/Instances/UVR60/RES_VID_11
MER;CAMERA_ANA;uvr60_01_e24_composant;/GTC_CLS/MER/Instances/UVR60/RES_VID_12
MIT;CAMERA_ANA;uvr60_01_e18_composant;/GTC_CLS/MIT/Instances/UVR60/RES_VID_01
MIT;CAMERA_ANA;uvr60_01_e19_composant;/GTC_CLS/MIT/Instances/UVR60/RES_VID_02
MIT;CAMERA_ANA;uvr60_01_e20_composant;/GTC_CLS/MIT/Instances/UVR60/RES_VID_03
MIT;CAMERA_ANA;uvr60_01_e21_composant;/GTC_CLS/MIT/Instances/UVR60/RES_VID_04
MIT;CAMERA_ANA;uvr60_01_e22_composant;/GTC_CLS/MIT/Instances/UVR60/RES_VID_05
MIT;CAMERA_ANA;uvr60_01_e23_composant;/GTC_CLS/MIT/Instances/UVR60/RES_VID_06
MIT;CAMERA_ANA;uvr60_01_e24_composant;/GTC_CLS/MIT/Instances/UVR60/RES_VID_07
MON;CAMERA_ANA;uvr60_01_e11_composant;/GTC_CLS/MON/Instances/UVR60/RES_VID_01
MON;CAMERA_ANA;uvr60_01_e12_composant;/GTC_CLS/MON/Instances/UVR60/RES_VID_02
MON;CAMERA_ANA;uvr60_01_e13_composant;/GTC_CLS/MON/Instances/UVR60/RES_VID_03
MON;CAMERA_ANA;uvr60_01_e14_composant;/GTC_CLS/MON/Instances/UVR60/RES_VID_04
MON;CAMERA_ANA;uvr60_01_e15_composant;/GTC_CLS/MON/Instances/UVR60/RES_VID_05
MON;CAMERA_ANA;uvr60_01_e16_composant;/GTC_CLS/MON/Instances/UVR60/RES_VID_06
MON;CAMERA_ANA;uvr60_01_e17_composant;/GTC_CLS/MON/Instances/UVR60/RES_VID_07
MON;CAMERA_ANA;uvr60_01_e18_composant;/GTC_CLS/MON/Instances/UVR60/RES_VID_08
MON;CAMERA_ANA;uvr60_01_e19_composant;/GTC_CLS/MON/Instances/UVR60/RES_VID_09
MON;CAMERA_ANA;uvr60_01_e20_composant;/GTC_CLS/MON/Instances/UVR60/RES_VID_10
MON;CAMERA_ANA;uvr60_01_e21_composant;/GTC_CLS/MON/Instances/UVR60/RES_VID_11
MON;CAMERA_ANA;uvr60_01_e22_composant;/GTC_CLS/MON/Instances/UVR60/RES_VID_12
MON;CAMERA_ANA;uvr60_01_e23_composant;/GTC_CLS/MON/Instances/UVR60/RES_VID_13
MON;CAMERA_ANA;uvr60_01_e24_composant;/GTC_CLS/MON/Instances/UVR60/RES_VID_14
MOS;CAMERA_ANA;uvr60_01_e17_composant;/GTC_CLS/MOS/Instances/UVR60/RES_VID_01
MOS;CAMERA_ANA;uvr60_01_e18_composant;/GTC_CLS/MOS/Instances/UVR60/RES_VID_02
MOS;CAMERA_ANA;uvr60_01_e19_composant;/GTC_CLS/MOS/Instances/UVR60/RES_VID_03
MOS;CAMERA_ANA;uvr60_01_e20_composant;/GTC_CLS/MOS/Instances/UVR60/RES_VID_04
MOS;CAMERA_ANA;uvr60_01_e21_composant;/GTC_CLS/MOS/Instances/UVR60/RES_VID_05
MOS;CAMERA_ANA;uvr60_01_e22_composant;/GTC_CLS/MOS/Instances/UVR60/RES_VID_06
MOS;CAMERA_ANA;uvr60_01_e23_composant;/GTC_CLS/MOS/Instances/UVR60/RES_VID_07
MOS;CAMERA_ANA;uvr60_01_e24_composant;/GTC_CLS/MOS/Instances/UVR60/RES_VID_08
MUR;CAMERA_ANA;uvr60_01_e08_composant;/GTC_CLS/MUR/Instances/UVR60/RES_VID_01
MUR;CAMERA_ANA;uvr60_01_e09_composant;/GTC_CLS/MUR/Instances/UVR60/RES_VID_02
MUR;CAMERA_ANA;uvr60_01_e10_composant;/GTC_CLS/MUR/Instances/UVR60/RES_VID_03
MUR;CAMERA_ANA;uvr60_01_e11_composant;/GTC_CLS/MUR/Instances/UVR60/RES_VID_04
MUR;CAMERA_ANA;uvr60_01_e12_composant;/GTC_CLS/MUR/Instances/UVR60/RES_VID_05
MUR;CAMERA_ANA;uvr60_01_e13_composant;/GTC_CLS/MUR/Instances/UVR60/RES_VID_06
MUR;CAMERA_ANA;uvr60_01_e14_composant;/GTC_CLS/MUR/Instances/UVR60/RES_VID_07
MUR;CAMERA_ANA;uvr60_01_e15_composant;/GTC_CLS/MUR/Instances/UVR60/RES_VID_08
MUR;CAMERA_ANA;uvr60_01_e16_composant;/GTC_CLS/MUR/Instances/UVR60/RES_VID_09
MUR;CAMERA_ANA;uvr60_01_e17_composant;/GTC_CLS/MUR/Instances/UVR60/RES_VID_10
MUR;CAMERA_ANA;uvr60_01_e18_composant;/GTC_CLS/MUR/Instances/UVR60/RES_VID_11
MUR;CAMERA_ANA;uvr60_01_e19_composant;/GTC_CLS/MUR/Instances/UVR60/RES_VID_12
MUR;CAMERA_ANA;uvr60_01_e20_composant;/GTC_CLS/MUR/Instances/UVR60/RES_VID_13
MUR;CAMERA_ANA;uvr60_01_e21_composant;/GTC_CLS/MUR/Instances/UVR60/RES_VID_14
MUR;CAMERA_ANA;uvr60_01_e22_composant;/GTC_CLS/MUR/Instances/UVR60/RES_VID_15
MUR;CAMERA_ANA;uvr60_01_e23_composant;/GTC_CLS/MUR/Instances/UVR60/RES_VID_16
MUR;CAMERA_ANA;uvr60_01_e24_composant;/GTC_CLS/MUR/Instances/UVR60/RES_VID_17
PAR;CAMERA_ANA;uvr60_01_e12_composant;/GTC_CLS/PAR/Instances/UVR60/RES_VID_01
PAR;CAMERA_ANA;uvr60_01_e13_composant;/GTC_CLS/PAR/Instances/UVR60/RES_VID_02
PAR;CAMERA_ANA;uvr60_01_e14_composant;/GTC_CLS/PAR/Instances/UVR60/RES_VID_03
PAR;CAMERA_ANA;uvr60_01_e15_composant;/GTC_CLS/PAR/Instances/UVR60/RES_VID_04
PAR;CAMERA_ANA;uvr60_01_e16_composant;/GTC_CLS/PAR/Instances/UVR60/RES_VID_05
PAR;CAMERA_ANA;uvr60_01_e17_composant;/GTC_CLS/PAR/Instances/UVR60/RES_VID_06
PAR;CAMERA_ANA;uvr60_01_e18_composant;/GTC_CLS/PAR/Instances/UVR60/RES_VID_07
PAR;CAMERA_ANA;uvr60_01_e19_composant;/GTC_CLS/PAR/Instances/UVR60/RES_VID_08
PAR;CAMERA_ANA;uvr60_01_e20_composant;/GTC_CLS/PAR/Instances/UVR60/RES_VID_09
PAR;CAMERA_ANA;uvr60_01_e21_composant;/GTC_CLS/PAR/Instances/UVR60/RES_VID_10
PAR;CAMERA_ANA;uvr60_01_e22_composant;/GTC_CLS/PAR/Instances/UVR60/RES_VID_11
PAR;CAMERA_ANA;uvr60_01_e23_composant;/GTC_CLS/PAR/Instances/UVR60/RES_VID_12
PAR;CAMERA_ANA;uvr60_01_e24_composant;/GTC_CLS/PAR/Instances/UVR60/RES_VID_13
PAR;CAMERA_ANA;uvr60_02_e11_composant;/GTC_CLS/PAR/Instances/UVR60/RES_VID_14
PAR;CAMERA_ANA;uvr60_02_e12_composant;/GTC_CLS/PAR/Instances/UVR60/RES_VID_15
PAR;CAMERA_ANA;uvr60_02_e13_composant;/GTC_CLS/PAR/Instances/UVR60/RES_VID_16
PAR;CAMERA_ANA;uvr60_02_e14_composant;/GTC_CLS/PAR/Instances/UVR60/RES_VID_17
PAR;CAMERA_ANA;uvr60_02_e15_composant;/GTC_CLS/PAR/Instances/UVR60/RES_VID_18
PAR;CAMERA_ANA;uvr60_02_e16_composant;/GTC_CLS/PAR/Instances/UVR60/RES_VID_19
PAR;CAMERA_ANA;uvr60_02_e17_composant;/GTC_CLS/PAR/Instances/UVR60/RES_VID_20
PAR;CAMERA_ANA;uvr60_02_e18_composant;/GTC_CLS/PAR/Instances/UVR60/RES_VID_21
PAR;CAMERA_ANA;uvr60_02_e19_composant;/GTC_CLS/PAR/Instances/UVR60/RES_VID_22
PAR;CAMERA_ANA;uvr60_02_e20_composant;/GTC_CLS/PAR/Instances/UVR60/RES_VID_23
PAR;CAMERA_ANA;uvr60_02_e21_composant;/GTC_CLS/PAR/Instances/UVR60/RES_VID_24
PAR;CAMERA_ANA;uvr60_02_e22_composant;/GTC_CLS/PAR/Instances/UVR60/RES_VID_25
PAR;CAMERA_ANA;uvr60_02_e23_composant;/GTC_CLS/PAR/Instances/UVR60/RES_VID_26
PAR;CAMERA_ANA;uvr60_02_e24_composant;/GTC_CLS/PAR/Instances/UVR60/RES_VID_27
PAV;CAMERA_ANA;uvr60_01_e18_composant;/GTC_CLS/PAV/Instances/UVR60/RES_VID_01
PAV;CAMERA_ANA;uvr60_01_e19_composant;/GTC_CLS/PAV/Instances/UVR60/RES_VID_02
PAV;CAMERA_ANA;uvr60_01_e20_composant;/GTC_CLS/PAV/Instances/UVR60/RES_VID_03
PAV;CAMERA_ANA;uvr60_01_e21_composant;/GTC_CLS/PAV/Instances/UVR60/RES_VID_04
PAV;CAMERA_ANA;uvr60_01_e22_composant;/GTC_CLS/PAV/Instances/UVR60/RES_VID_05
PAV;CAMERA_ANA;uvr60_01_e23_composant;/GTC_CLS/PAV/Instances/UVR60/RES_VID_06
PAV;CAMERA_ANA;uvr60_01_e24_composant;/GTC_CLS/PAV/Instances/UVR60/RES_VID_07
PDB;API;api21e_e21_composant;/GTC_CLS/PDB/Instances/API/RES_11
PDB;CAMERA_ANA;uvr60_01_e21_composant;/GTC_CLS/PDB/Instances/UVR60/RES_VID_01
PDB;CAMERA_ANA;uvr60_01_e22_composant;/GTC_CLS/PDB/Instances/UVR60/RES_VID_02
PDB;CAMERA_ANA;uvr60_01_e23_composant;/GTC_CLS/PDB/Instances/UVR60/RES_VID_03
PDB;CAMERA_ANA;uvr60_01_e24_composant;/GTC_CLS/PDB/Instances/UVR60/RES_VID_04
PDL;CAMERA_ANA;uvr60_01_e17_composant;/GTC_CLS/PDL/Instances/UVR60/RES_VID_01
PDL;CAMERA_ANA;uvr60_01_e18_composant;/GTC_CLS/PDL/Instances/UVR60/RES_VID_02
PDL;CAMERA_ANA;uvr60_01_e19_composant;/GTC_CLS/PDL/Instances/UVR60/RES_VID_03
PDL;CAMERA_ANA;uvr60_01_e20_composant;/GTC_CLS/PDL/Instances/UVR60/RES_VID_04
PDL;CAMERA_ANA;uvr60_01_e21_composant;/GTC_CLS/PDL/Instances/UVR60/RES_VID_05
PDL;CAMERA_ANA;uvr60_01_e22_composant;/GTC_CLS/PDL/Instances/UVR60/RES_VID_06
PDL;CAMERA_ANA;uvr60_01_e23_composant;/GTC_CLS/PDL/Instances/UVR60/RES_VID_07
PDL;CAMERA_ANA;uvr60_01_e24_composant;/GTC_CLS/PDL/Instances/UVR60/RES_VID_08
PDN;CAMERA_ANA;uvr60_01_e19_composant;/GTC_CLS/PDN/Instances/UVR60/RES_VID_01
PDN;CAMERA_ANA;uvr60_01_e20_composant;/GTC_CLS/PDN/Instances/UVR60/RES_VID_02
PDN;CAMERA_ANA;uvr60_01_e21_composant;/GTC_CLS/PDN/Instances/UVR60/RES_VID_03
PDN;CAMERA_ANA;uvr60_01_e22_composant;/GTC_CLS/PDN/Instances/UVR60/RES_VID_04
PDN;CAMERA_ANA;uvr60_01_e23_composant;/GTC_CLS/PDN/Instances/UVR60/RES_VID_05
PDN;CAMERA_ANA;uvr60_01_e24_composant;/GTC_CLS/PDN/Instances/UVR60/RES_VID_06
PDO;API;api21e_e01_composant;/GTC_CLS/PDO/Instances/API/DEF_GEN_01
PDO;API;api21e_e02_composant;/GTC_CLS/PDO/Instances/API/BAT_01
PDO;API;api21e_e03_composant;/GTC_CLS/PDO/Instances/API/BAT_AUT_01
PDO;API;api21e_e04_composant;/GTC_CLS/PDO/Instances/API/VENT_01
PDO;API;api21e_e05_composant;/GTC_CLS/PDO/Instances/API/ALIM_01
PDO;API;api21e_e06_composant;/GTC_CLS/PDO/Instances/API/GPE_CAMS_01
PDO;API;api21e_e07_composant;/GTC_CLS/PDO/Instances/API/BG_BAU_01
PDO;API;api21e_e08_composant;/GTC_CLS/PDO/Instances/API/BG_BAU_02
PDO;API;api21e_e09_composant;/GTC_CLS/PDO/Instances/API/BG_BAU_03
PDO;API;api21e_e10_composant;/GTC_CLS/PDO/Instances/API/BG_BAU_04
PDO;API;api21e_e11_composant;/GTC_CLS/PDO/Instances/API/BG_BAU_05
PDO;API;api21e_e12_composant;/GTC_CLS/PDO/Instances/API/ALT_01
PDO;API;api21e_e13_composant;/GTC_CLS/PDO/Instances/API/RES_01
PDO;API;api21e_e14_composant;/GTC_CLS/PDO/Instances/API/RES_02
PDO;API;api21e_e15_composant;/GTC_CLS/PDO/Instances/API/RES_03
PDO;API;api21e_e16_composant;/GTC_CLS/PDO/Instances/API/RES_04
PDO;API;api21e_e17_composant;/GTC_CLS/PDO/Instances/API/RES_05
PDO;API;api21e_e18_composant;/GTC_CLS/PDO/Instances/API/RES_06
PDO;API;api21e_e19_composant;/GTC_CLS/PDO/Instances/API/RES_07
PDO;API;api21e_e20_composant;/GTC_CLS/PDO/Instances/API/RES_08
PDO;API;api21e_e21_composant;/GTC_CLS/PDO/Instances/API/RES_09
PDO;CAMERA_ANA;uvr60_01_e17_composant;/GTC_CLS/PDO/Instances/UVR60/RES_VID_01
PDO;CAMERA_ANA;uvr60_01_e18_composant;/GTC_CLS/PDO/Instances/UVR60/RES_VID_02
PDO;CAMERA_ANA;uvr60_01_e19_composant;/GTC_CLS/PDO/Instances/UVR60/RES_VID_03
PDO;CAMERA_ANA;uvr60_01_e20_composant;/GTC_CLS/PDO/Instances/UVR60/RES_VID_04
PDO;CAMERA_ANA;uvr60_01_e21_composant;/GTC_CLS/PDO/Instances/UVR60/RES_VID_05
PDO;CAMERA_ANA;uvr60_01_e22_composant;/GTC_CLS/PDO/Instances/UVR60/RES_VID_06
PDO;CAMERA_ANA;uvr60_01_e23_composant;/GTC_CLS/PDO/Instances/UVR60/RES_VID_07
PDO;CAMERA_ANA;uvr60_01_e24_composant;/GTC_CLS/PDO/Instances/UVR60/RES_VID_08
PDP;CAMERA_ANA;uvr60_02_e13_composant;/GTC_CLS/PDP/Instances/UVR60/RES_VID_01
PDP;CAMERA_ANA;uvr60_02_e14_composant;/GTC_CLS/PDP/Instances/UVR60/RES_VID_02
PDP;CAMERA_ANA;uvr60_02_e15_composant;/GTC_CLS/PDP/Instances/UVR60/RES_VID_03
PDP;CAMERA_ANA;uvr60_02_e16_composant;/GTC_CLS/PDP/Instances/UVR60/RES_VID_04
PDP;CAMERA_ANA;uvr60_02_e17_composant;/GTC_CLS/PDP/Instances/UVR60/RES_VID_05
PDP;CAMERA_ANA;uvr60_02_e18_composant;/GTC_CLS/PDP/Instances/UVR60/RES_VID_06
PDP;CAMERA_ANA;uvr60_02_e19_composant;/GTC_CLS/PDP/Instances/UVR60/RES_VID_07
PDP;CAMERA_ANA;uvr60_02_e20_composant;/GTC_CLS/PDP/Instances/UVR60/RES_VID_08
PDP;CAMERA_ANA;uvr60_02_e21_composant;/GTC_CLS/PDP/Instances/UVR60/RES_VID_09
PDP;CAMERA_ANA;uvr60_02_e22_composant;/GTC_CLS/PDP/Instances/UVR60/RES_VID_10
PDP;CAMERA_ANA;uvr60_02_e23_composant;/GTC_CLS/PDP/Instances/UVR60/RES_VID_11
PDP;CAMERA_ANA;uvr60_02_e24_composant;/GTC_CLS/PDP/Instances/UVR60/RES_VID_12
PHA;CAMERA_ANA;uvr60_01_e18_composant;/GTC_CLS/PHA/Instances/UVR60/RES_VID_01
PHA;CAMERA_ANA;uvr60_01_e19_composant;/GTC_CLS/PHA/Instances/UVR60/RES_VID_02
PHA;CAMERA_ANA;uvr60_01_e20_composant;/GTC_CLS/PHA/Instances/UVR60/RES_VID_03
PHA;CAMERA_ANA;uvr60_01_e21_composant;/GTC_CLS/PHA/Instances/UVR60/RES_VID_04
PHA;CAMERA_ANA;uvr60_01_e22_composant;/GTC_CLS/PHA/Instances/UVR60/RES_VID_05
PHA;CAMERA_ANA;uvr60_01_e23_composant;/GTC_CLS/PHA/Instances/UVR60/RES_VID_06
PHA;CAMERA_ANA;uvr60_01_e24_composant;/GTC_CLS/PHA/Instances/UVR60/RES_VID_07
PP2;CAMERA_ANA;uvr60_01_e21_composant;/GTC_CLS/PP2/Instances/UVR60/RES_VID_01
PP2;CAMERA_ANA;uvr60_01_e22_composant;/GTC_CLS/PP2/Instances/UVR60/RES_VID_02
PP2;CAMERA_ANA;uvr60_01_e23_composant;/GTC_CLS/PP2/Instances/UVR60/RES_VID_03
PP2;CAMERA_ANA;uvr60_01_e24_composant;/GTC_CLS/PP2/Instances/UVR60/RES_VID_04
PP2;CAMERA_ANA;uvr60_02_e13_composant;/GTC_CLS/PP2/Instances/UVR60/RES_VID_05
PP2;CAMERA_ANA;uvr60_02_e14_composant;/GTC_CLS/PP2/Instances/UVR60/RES_VID_06
PP2;CAMERA_ANA;uvr60_02_e15_composant;/GTC_CLS/PP2/Instances/UVR60/RES_VID_07
PP2;CAMERA_ANA;uvr60_02_e16_composant;/GTC_CLS/PP2/Instances/UVR60/RES_VID_08
PP2;CAMERA_ANA;uvr60_02_e17_composant;/GTC_CLS/PP2/Instances/UVR60/RES_VID_09
PP2;CAMERA_ANA;uvr60_02_e18_composant;/GTC_CLS/PP2/Instances/UVR60/RES_VID_10
PP2;CAMERA_ANA;uvr60_02_e19_composant;/GTC_CLS/PP2/Instances/UVR60/RES_VID_11
PP2;CAMERA_ANA;uvr60_02_e20_composant;/GTC_CLS/PP2/Instances/UVR60/RES_VID_12
PP2;CAMERA_ANA;uvr60_02_e21_composant;/GTC_CLS/PP2/Instances/UVR60/RES_VID_13
PP2;CAMERA_ANA;uvr60_02_e22_composant;/GTC_CLS/PP2/Instances/UVR60/RES_VID_14
PP2;CAMERA_ANA;uvr60_02_e23_composant;/GTC_CLS/PP2/Instances/UVR60/RES_VID_15
PP2;CAMERA_ANA;uvr60_02_e24_composant;/GTC_CLS/PP2/Instances/UVR60/RES_VID_16
PRE;CAMERA_ANA;uvr60_01_e14_composant;/GTC_CLS/PRE/Instances/UVR60/RES_VID_01
PRE;CAMERA_ANA;uvr60_01_e15_composant;/GTC_CLS/PRE/Instances/UVR60/RES_VID_02
PRE;CAMERA_ANA;uvr60_01_e16_composant;/GTC_CLS/PRE/Instances/UVR60/RES_VID_03
PRE;CAMERA_ANA;uvr60_01_e17_composant;/GTC_CLS/PRE/Instances/UVR60/RES_VID_04
PRE;CAMERA_ANA;uvr60_01_e18_composant;/GTC_CLS/PRE/Instances/UVR60/RES_VID_05
PRE;CAMERA_ANA;uvr60_01_e19_composant;/GTC_CLS/PRE/Instances/UVR60/RES_VID_06
PRE;CAMERA_ANA;uvr60_01_e20_composant;/GTC_CLS/PRE/Instances/UVR60/RES_VID_07
PRE;CAMERA_ANA;uvr60_01_e21_composant;/GTC_CLS/PRE/Instances/UVR60/RES_VID_08
PRE;CAMERA_ANA;uvr60_01_e22_composant;/GTC_CLS/PRE/Instances/UVR60/RES_VID_09
PRE;CAMERA_ANA;uvr60_01_e23_composant;/GTC_CLS/PRE/Instances/UVR60/RES_VID_10
PRE;CAMERA_ANA;uvr60_01_e24_composant;/GTC_CLS/PRE/Instances/UVR60/RES_VID_11
ProgHoraireDatasGraph;CAMERA_ANA;uvr60_01_e14_composant;/GTC_CLS/PRE/Instances/UVR60/RES_VID_01
ProgHoraireDatasGraph;CAMERA_ANA;uvr60_01_e15_composant;/GTC_CLS/PRE/Instances/UVR60/RES_VID_02
ProgHoraireDatasGraph;CAMERA_ANA;uvr60_01_e16_composant;/GTC_CLS/PRE/Instances/UVR60/RES_VID_03
ProgHoraireDatasGraph;CAMERA_ANA;uvr60_01_e17_composant;/GTC_CLS/PRE/Instances/UVR60/RES_VID_04
ProgHoraireDatasGraph;CAMERA_ANA;uvr60_01_e18_composant;/GTC_CLS/PRE/Instances/UVR60/RES_VID_05
ProgHoraireDatasGraph;CAMERA_ANA;uvr60_01_e19_composant;/GTC_CLS/PRE/Instances/UVR60/RES_VID_06
ProgHoraireDatasGraph;CAMERA_ANA;uvr60_01_e20_composant;/GTC_CLS/PRE/Instances/UVR60/RES_VID_07
ProgHoraireDatasGraph;CAMERA_ANA;uvr60_01_e21_composant;/GTC_CLS/PRE/Instances/UVR60/RES_VID_08
ProgHoraireDatasGraph;CAMERA_ANA;uvr60_01_e22_composant;/GTC_CLS/PRE/Instances/UVR60/RES_VID_09
ProgHoraireDatasGraph;CAMERA_ANA;uvr60_01_e23_composant;/GTC_CLS/PRE/Instances/UVR60/RES_VID_10
ProgHoraireDatasGraph;CAMERA_ANA;uvr60_01_e24_composant;/GTC_CLS/PRE/Instances/UVR60/RES_VID_11
ProgHoraireSNMP;CAMERA_ANA;uvr60_01_e14_composant;/GTC_CLS/PRE/Instances/UVR60/RES_VID_01
ProgHoraireSNMP;CAMERA_ANA;uvr60_01_e15_composant;/GTC_CLS/PRE/Instances/UVR60/RES_VID_02
ProgHoraireSNMP;CAMERA_ANA;uvr60_01_e16_composant;/GTC_CLS/PRE/Instances/UVR60/RES_VID_03
ProgHoraireSNMP;CAMERA_ANA;uvr60_01_e17_composant;/GTC_CLS/PRE/Instances/UVR60/RES_VID_04
ProgHoraireSNMP;CAMERA_ANA;uvr60_01_e18_composant;/GTC_CLS/PRE/Instances/UVR60/RES_VID_05
ProgHoraireSNMP;CAMERA_ANA;uvr60_01_e19_composant;/GTC_CLS/PRE/Instances/UVR60/RES_VID_06
ProgHoraireSNMP;CAMERA_ANA;uvr60_01_e20_composant;/GTC_CLS/PRE/Instances/UVR60/RES_VID_07
ProgHoraireSNMP;CAMERA_ANA;uvr60_01_e21_composant;/GTC_CLS/PRE/Instances/UVR60/RES_VID_08
ProgHoraireSNMP;CAMERA_ANA;uvr60_01_e22_composant;/GTC_CLS/PRE/Instances/UVR60/RES_VID_09
ProgHoraireSNMP;CAMERA_ANA;uvr60_01_e23_composant;/GTC_CLS/PRE/Instances/UVR60/RES_VID_10
ProgHoraireSNMP;CAMERA_ANA;uvr60_01_e24_composant;/GTC_CLS/PRE/Instances/UVR60/RES_VID_11
PSU;CAMERA_ANA;uvr60_01_e16_composant;/GTC_CLS/PSU/Instances/UVR60/RES_VID_01
PSU;CAMERA_ANA;uvr60_01_e17_composant;/GTC_CLS/PSU/Instances/UVR60/RES_VID_02
PSU;CAMERA_ANA;uvr60_01_e18_composant;/GTC_CLS/PSU/Instances/UVR60/RES_VID_03
PSU;CAMERA_ANA;uvr60_01_e19_composant;/GTC_CLS/PSU/Instances/UVR60/RES_VID_04
PSU;CAMERA_ANA;uvr60_01_e20_composant;/GTC_CLS/PSU/Instances/UVR60/RES_VID_05
PSU;CAMERA_ANA;uvr60_01_e21_composant;/GTC_CLS/PSU/Instances/UVR60/RES_VID_06
PSU;CAMERA_ANA;uvr60_01_e22_composant;/GTC_CLS/PSU/Instances/UVR60/RES_VID_07
PSU;CAMERA_ANA;uvr60_01_e23_composant;/GTC_CLS/PSU/Instances/UVR60/RES_VID_08
PSU;CAMERA_ANA;uvr60_01_e24_composant;/GTC_CLS/PSU/Instances/UVR60/RES_VID_09
PVA;CAMERA_ANA;uvr60_01_e19_composant;/GTC_CLS/PVA/Instances/UVR60/RES_VID_01
PVA;CAMERA_ANA;uvr60_01_e20_composant;/GTC_CLS/PVA/Instances/UVR60/RES_VID_02
PVA;CAMERA_ANA;uvr60_01_e21_composant;/GTC_CLS/PVA/Instances/UVR60/RES_VID_03
PVA;CAMERA_ANA;uvr60_01_e22_composant;/GTC_CLS/PVA/Instances/UVR60/RES_VID_04
PVA;CAMERA_ANA;uvr60_01_e23_composant;/GTC_CLS/PVA/Instances/UVR60/RES_VID_05
PVA;CAMERA_ANA;uvr60_01_e24_composant;/GTC_CLS/PVA/Instances/UVR60/RES_VID_06
QC;CAMERA_ANA;uvr60_01_e22_composant;/GTC_CLS/QC/Instances/UVR60/RES_VID_01
QC;CAMERA_ANA;uvr60_01_e23_composant;/GTC_CLS/QC/Instances/UVR60/RES_VID_02
QC;CAMERA_ANA;uvr60_01_e24_composant;/GTC_CLS/QC/Instances/UVR60/RES_VID_03
ReActiveSNMPCyclique;CAMERA_ANA;uvr60_01_e22_composant;/GTC_CLS/QC/Instances/UVR60/RES_VID_01
ReActiveSNMPCyclique;CAMERA_ANA;uvr60_01_e23_composant;/GTC_CLS/QC/Instances/UVR60/RES_VID_02
ReActiveSNMPCyclique;CAMERA_ANA;uvr60_01_e24_composant;/GTC_CLS/QC/Instances/UVR60/RES_VID_03
REP;API;api21e_e17_composant;/GTC_CLS/REP/Instances/API/AU_PV_01
REP;CAMERA_ANA;uvr60_02_e22_composant;/GTC_CLS/REP/Instances/UVR60/RES_VID_01
REP;CAMERA_ANA;uvr60_02_e23_composant;/GTC_CLS/REP/Instances/UVR60/RES_VID_02
REP;CAMERA_ANA;uvr60_02_e24_composant;/GTC_CLS/REP/Instances/UVR60/RES_VID_03
RetTestGraph;API;api21e_e17_composant;/GTC_CLS/REP/Instances/API/AU_PV_01
RetTestGraph;CAMERA_ANA;uvr60_02_e22_composant;/GTC_CLS/REP/Instances/UVR60/RES_VID_01
RetTestGraph;CAMERA_ANA;uvr60_02_e23_composant;/GTC_CLS/REP/Instances/UVR60/RES_VID_02
RetTestGraph;CAMERA_ANA;uvr60_02_e24_composant;/GTC_CLS/REP/Instances/UVR60/RES_VID_03
RIH;CAMERA_ANA;uvr60_02_e07_composant;/GTC_CLS/RIH/Instances/UVR60/RES_VID_01
RIH;CAMERA_ANA;uvr60_02_e08_composant;/GTC_CLS/RIH/Instances/UVR60/RES_VID_02
RIH;CAMERA_ANA;uvr60_02_e09_composant;/GTC_CLS/RIH/Instances/UVR60/RES_VID_03
RIH;CAMERA_ANA;uvr60_02_e10_composant;/GTC_CLS/RIH/Instances/UVR60/RES_VID_04
RIH;CAMERA_ANA;uvr60_02_e11_composant;/GTC_CLS/RIH/Instances/UVR60/RES_VID_05
RIH;CAMERA_ANA;uvr60_02_e12_composant;/GTC_CLS/RIH/Instances/UVR60/RES_VID_06
RIH;CAMERA_ANA;uvr60_02_e13_composant;/GTC_CLS/RIH/Instances/UVR60/RES_VID_07
RIH;CAMERA_ANA;uvr60_02_e14_composant;/GTC_CLS/RIH/Instances/UVR60/RES_VID_08
RIH;CAMERA_ANA;uvr60_02_e15_composant;/GTC_CLS/RIH/Instances/UVR60/RES_VID_09
RIH;CAMERA_ANA;uvr60_02_e16_composant;/GTC_CLS/RIH/Instances/UVR60/RES_VID_10
RIH;CAMERA_ANA;uvr60_02_e17_composant;/GTC_CLS/RIH/Instances/UVR60/RES_VID_11
RIH;CAMERA_ANA;uvr60_02_e18_composant;/GTC_CLS/RIH/Instances/UVR60/RES_VID_12
RIH;CAMERA_ANA;uvr60_02_e19_composant;/GTC_CLS/RIH/Instances/UVR60/RES_VID_13
RIH;CAMERA_ANA;uvr60_02_e20_composant;/GTC_CLS/RIH/Instances/UVR60/RES_VID_14
RIH;CAMERA_ANA;uvr60_02_e21_composant;/GTC_CLS/RIH/Instances/UVR60/RES_VID_15
RIH;CAMERA_ANA;uvr60_02_e22_composant;/GTC_CLS/RIH/Instances/UVR60/RES_VID_16
RIH;CAMERA_ANA;uvr60_02_e23_composant;/GTC_CLS/RIH/Instances/UVR60/RES_VID_17
RIH;CAMERA_ANA;uvr60_02_e24_composant;/GTC_CLS/RIH/Instances/UVR60/RES_VID_18
SMP;CAMERA_ANA;uvr60_01_e18_composant;/GTC_CLS/SMP/Instances/UVR60/RES_VID_01
SMP;CAMERA_ANA;uvr60_01_e19_composant;/GTC_CLS/SMP/Instances/UVR60/RES_VID_02
SMP;CAMERA_ANA;uvr60_01_e20_composant;/GTC_CLS/SMP/Instances/UVR60/RES_VID_03
SMP;CAMERA_ANA;uvr60_01_e21_composant;/GTC_CLS/SMP/Instances/UVR60/RES_VID_04
SMP;CAMERA_ANA;uvr60_01_e22_composant;/GTC_CLS/SMP/Instances/UVR60/RES_VID_05
SMP;CAMERA_ANA;uvr60_01_e23_composant;/GTC_CLS/SMP/Instances/UVR60/RES_VID_06
SMP;CAMERA_ANA;uvr60_01_e24_composant;/GTC_CLS/SMP/Instances/UVR60/RES_VID_07
SPH;CAMERA_ANA;uvr60_01_e13_composant;/GTC_CLS/SPH/Instances/UVR60/RES_VID_01
SPH;CAMERA_ANA;uvr60_01_e14_composant;/GTC_CLS/SPH/Instances/UVR60/RES_VID_02
SPH;CAMERA_ANA;uvr60_01_e15_composant;/GTC_CLS/SPH/Instances/UVR60/RES_VID_03
SPH;CAMERA_ANA;uvr60_01_e16_composant;/GTC_CLS/SPH/Instances/UVR60/RES_VID_04
SPH;CAMERA_ANA;uvr60_01_e17_composant;/GTC_CLS/SPH/Instances/UVR60/RES_VID_05
SPH;CAMERA_ANA;uvr60_01_e18_composant;/GTC_CLS/SPH/Instances/UVR60/RES_VID_06
SPH;CAMERA_ANA;uvr60_01_e19_composant;/GTC_CLS/SPH/Instances/UVR60/RES_VID_07
SPH;CAMERA_ANA;uvr60_01_e20_composant;/GTC_CLS/SPH/Instances/UVR60/RES_VID_08
SPH;CAMERA_ANA;uvr60_01_e21_composant;/GTC_CLS/SPH/Instances/UVR60/RES_VID_09
SPH;CAMERA_ANA;uvr60_01_e22_composant;/GTC_CLS/SPH/Instances/UVR60/RES_VID_10
SPH;CAMERA_ANA;uvr60_01_e23_composant;/GTC_CLS/SPH/Instances/UVR60/RES_VID_11
SPH;CAMERA_ANA;uvr60_01_e24_composant;/GTC_CLS/SPH/Instances/UVR60/RES_VID_12
SPH;CAMERA_ANA;uvr60_02_e14_composant;/GTC_CLS/SPH/Instances/UVR60/RES_VID_13
SPH;CAMERA_ANA;uvr60_02_e15_composant;/GTC_CLS/SPH/Instances/UVR60/RES_VID_14
SPH;CAMERA_ANA;uvr60_02_e16_composant;/GTC_CLS/SPH/Instances/UVR60/RES_VID_15
SPH;CAMERA_ANA;uvr60_02_e17_composant;/GTC_CLS/SPH/Instances/UVR60/RES_VID_16
SPH;CAMERA_ANA;uvr60_02_e18_composant;/GTC_CLS/SPH/Instances/UVR60/RES_VID_17
SPH;CAMERA_ANA;uvr60_02_e19_composant;/GTC_CLS/SPH/Instances/UVR60/RES_VID_18
SPH;CAMERA_ANA;uvr60_02_e20_composant;/GTC_CLS/SPH/Instances/UVR60/RES_VID_19
SPH;CAMERA_ANA;uvr60_02_e21_composant;/GTC_CLS/SPH/Instances/UVR60/RES_VID_20
SPH;CAMERA_ANA;uvr60_02_e22_composant;/GTC_CLS/SPH/Instances/UVR60/RES_VID_21
SPH;CAMERA_ANA;uvr60_02_e23_composant;/GTC_CLS/SPH/Instances/UVR60/RES_VID_22
SPH;CAMERA_ANA;uvr60_02_e24_composant;/GTC_CLS/SPH/Instances/UVR60/RES_VID_23
SQF;CAMERA_ANA;uvr60_01_e20_composant;/GTC_CLS/SQF/Instances/UVR60/RES_VID_01
SQF;CAMERA_ANA;uvr60_01_e21_composant;/GTC_CLS/SQF/Instances/UVR60/RES_VID_02
SQF;CAMERA_ANA;uvr60_01_e22_composant;/GTC_CLS/SQF/Instances/UVR60/RES_VID_03
SQF;CAMERA_ANA;uvr60_01_e23_composant;/GTC_CLS/SQF/Instances/UVR60/RES_VID_04
SQF;CAMERA_ANA;uvr60_01_e24_composant;/GTC_CLS/SQF/Instances/UVR60/RES_VID_05
TestCnxGraphNONOK;CAMERA_ANA;uvr60_01_e20_composant;/GTC_CLS/SQF/Instances/UVR60/RES_VID_01
TestCnxGraphNONOK;CAMERA_ANA;uvr60_01_e21_composant;/GTC_CLS/SQF/Instances/UVR60/RES_VID_02
TestCnxGraphNONOK;CAMERA_ANA;uvr60_01_e22_composant;/GTC_CLS/SQF/Instances/UVR60/RES_VID_03
TestCnxGraphNONOK;CAMERA_ANA;uvr60_01_e23_composant;/GTC_CLS/SQF/Instances/UVR60/RES_VID_04
TestCnxGraphNONOK;CAMERA_ANA;uvr60_01_e24_composant;/GTC_CLS/SQF/Instances/UVR60/RES_VID_05
TestDatasGraph;CAMERA_ANA;uvr60_01_e20_composant;/GTC_CLS/SQF/Instances/UVR60/RES_VID_01
TestDatasGraph;CAMERA_ANA;uvr60_01_e21_composant;/GTC_CLS/SQF/Instances/UVR60/RES_VID_02
TestDatasGraph;CAMERA_ANA;uvr60_01_e22_composant;/GTC_CLS/SQF/Instances/UVR60/RES_VID_03
TestDatasGraph;CAMERA_ANA;uvr60_01_e23_composant;/GTC_CLS/SQF/Instances/UVR60/RES_VID_04
TestDatasGraph;CAMERA_ANA;uvr60_01_e24_composant;/GTC_CLS/SQF/Instances/UVR60/RES_VID_05
TestDatasGraphNONOK;CAMERA_ANA;uvr60_01_e20_composant;/GTC_CLS/SQF/Instances/UVR60/RES_VID_01
TestDatasGraphNONOK;CAMERA_ANA;uvr60_01_e21_composant;/GTC_CLS/SQF/Instances/UVR60/RES_VID_02
TestDatasGraphNONOK;CAMERA_ANA;uvr60_01_e22_composant;/GTC_CLS/SQF/Instances/UVR60/RES_VID_03
TestDatasGraphNONOK;CAMERA_ANA;uvr60_01_e23_composant;/GTC_CLS/SQF/Instances/UVR60/RES_VID_04
TestDatasGraphNONOK;CAMERA_ANA;uvr60_01_e24_composant;/GTC_CLS/SQF/Instances/UVR60/RES_VID_05
TGC;CAMERA_ANA;uvr60_01_e15_composant;/GTC_CLS/TGC/Instances/UVR60/RES_VID_01
TGC;CAMERA_ANA;uvr60_01_e16_composant;/GTC_CLS/TGC/Instances/UVR60/RES_VID_02
TGC;CAMERA_ANA;uvr60_01_e17_composant;/GTC_CLS/TGC/Instances/UVR60/RES_VID_03
TGC;CAMERA_ANA;uvr60_01_e18_composant;/GTC_CLS/TGC/Instances/UVR60/RES_VID_04
TGC;CAMERA_ANA;uvr60_01_e19_composant;/GTC_CLS/TGC/Instances/UVR60/RES_VID_05
TGC;CAMERA_ANA;uvr60_01_e20_composant;/GTC_CLS/TGC/Instances/UVR60/RES_VID_06
TGC;CAMERA_ANA;uvr60_01_e21_composant;/GTC_CLS/TGC/Instances/UVR60/RES_VID_07
TGC;CAMERA_ANA;uvr60_01_e22_composant;/GTC_CLS/TGC/Instances/UVR60/RES_VID_08
TGC;CAMERA_ANA;uvr60_01_e23_composant;/GTC_CLS/TGC/Instances/UVR60/RES_VID_09
TGC;CAMERA_ANA;uvr60_01_e24_composant;/GTC_CLS/TGC/Instances/UVR60/RES_VID_10
TGC;CAMERA_ANA;uvr60_02_e16_composant;/GTC_CLS/TGC/Instances/UVR60/RES_VID_11
TGC;CAMERA_ANA;uvr60_02_e17_composant;/GTC_CLS/TGC/Instances/UVR60/RES_VID_12
TGC;CAMERA_ANA;uvr60_02_e18_composant;/GTC_CLS/TGC/Instances/UVR60/RES_VID_13
TGC;CAMERA_ANA;uvr60_02_e19_composant;/GTC_CLS/TGC/Instances/UVR60/RES_VID_14
TGC;CAMERA_ANA;uvr60_02_e20_composant;/GTC_CLS/TGC/Instances/UVR60/RES_VID_15
TGC;CAMERA_ANA;uvr60_02_e21_composant;/GTC_CLS/TGC/Instances/UVR60/RES_VID_16
TGC;CAMERA_ANA;uvr60_02_e22_composant;/GTC_CLS/TGC/Instances/UVR60/RES_VID_17
TGC;CAMERA_ANA;uvr60_02_e23_composant;/GTC_CLS/TGC/Instances/UVR60/RES_VID_18
TGC;CAMERA_ANA;uvr60_02_e24_composant;/GTC_CLS/TGC/Instances/UVR60/RES_VID_19
TimerService;CAMERA_ANA;uvr60_01_e15_composant;/GTC_CLS/TGC/Instances/UVR60/RES_VID_01
TimerService;CAMERA_ANA;uvr60_01_e16_composant;/GTC_CLS/TGC/Instances/UVR60/RES_VID_02
TimerService;CAMERA_ANA;uvr60_01_e17_composant;/GTC_CLS/TGC/Instances/UVR60/RES_VID_03
TimerService;CAMERA_ANA;uvr60_01_e18_composant;/GTC_CLS/TGC/Instances/UVR60/RES_VID_04
TimerService;CAMERA_ANA;uvr60_01_e19_composant;/GTC_CLS/TGC/Instances/UVR60/RES_VID_05
TimerService;CAMERA_ANA;uvr60_01_e20_composant;/GTC_CLS/TGC/Instances/UVR60/RES_VID_06
TimerService;CAMERA_ANA;uvr60_01_e21_composant;/GTC_CLS/TGC/Instances/UVR60/RES_VID_07
TimerService;CAMERA_ANA;uvr60_01_e22_composant;/GTC_CLS/TGC/Instances/UVR60/RES_VID_08
TimerService;CAMERA_ANA;uvr60_01_e23_composant;/GTC_CLS/TGC/Instances/UVR60/RES_VID_09
TimerService;CAMERA_ANA;uvr60_01_e24_composant;/GTC_CLS/TGC/Instances/UVR60/RES_VID_10
TimerService;CAMERA_ANA;uvr60_02_e16_composant;/GTC_CLS/TGC/Instances/UVR60/RES_VID_11
TimerService;CAMERA_ANA;uvr60_02_e17_composant;/GTC_CLS/TGC/Instances/UVR60/RES_VID_12
TimerService;CAMERA_ANA;uvr60_02_e18_composant;/GTC_CLS/TGC/Instances/UVR60/RES_VID_13
TimerService;CAMERA_ANA;uvr60_02_e19_composant;/GTC_CLS/TGC/Instances/UVR60/RES_VID_14
TimerService;CAMERA_ANA;uvr60_02_e20_composant;/GTC_CLS/TGC/Instances/UVR60/RES_VID_15
TimerService;CAMERA_ANA;uvr60_02_e21_composant;/GTC_CLS/TGC/Instances/UVR60/RES_VID_16
TimerService;CAMERA_ANA;uvr60_02_e22_composant;/GTC_CLS/TGC/Instances/UVR60/RES_VID_17
TimerService;CAMERA_ANA;uvr60_02_e23_composant;/GTC_CLS/TGC/Instances/UVR60/RES_VID_18
TimerService;CAMERA_ANA;uvr60_02_e24_composant;/GTC_CLS/TGC/Instances/UVR60/RES_VID_19
TRI;CAMERA_ANA;uvr60_01_e21_composant;/GTC_CLS/TRI/Instances/UVR60/RES_VID_01
TRI;CAMERA_ANA;uvr60_01_e22_composant;/GTC_CLS/TRI/Instances/UVR60/RES_VID_02
TRI;CAMERA_ANA;uvr60_01_e23_composant;/GTC_CLS/TRI/Instances/UVR60/RES_VID_03
TRI;CAMERA_ANA;uvr60_01_e24_composant;/GTC_CLS/TRI/Instances/UVR60/RES_VID_04
Trigger_15Min_Scr;CAMERA_ANA;uvr60_01_e21_composant;/GTC_CLS/TRI/Instances/UVR60/RES_VID_01
Trigger_15Min_Scr;CAMERA_ANA;uvr60_01_e22_composant;/GTC_CLS/TRI/Instances/UVR60/RES_VID_02
Trigger_15Min_Scr;CAMERA_ANA;uvr60_01_e23_composant;/GTC_CLS/TRI/Instances/UVR60/RES_VID_03
Trigger_15Min_Scr;CAMERA_ANA;uvr60_01_e24_composant;/GTC_CLS/TRI/Instances/UVR60/RES_VID_04
Trigger_1Min_Scr;CAMERA_ANA;uvr60_01_e21_composant;/GTC_CLS/TRI/Instances/UVR60/RES_VID_01
Trigger_1Min_Scr;CAMERA_ANA;uvr60_01_e22_composant;/GTC_CLS/TRI/Instances/UVR60/RES_VID_02
Trigger_1Min_Scr;CAMERA_ANA;uvr60_01_e23_composant;/GTC_CLS/TRI/Instances/UVR60/RES_VID_03
Trigger_1Min_Scr;CAMERA_ANA;uvr60_01_e24_composant;/GTC_CLS/TRI/Instances/UVR60/RES_VID_04
Trigger_1Sec_Scr;CAMERA_ANA;uvr60_01_e21_composant;/GTC_CLS/TRI/Instances/UVR60/RES_VID_01
Trigger_1Sec_Scr;CAMERA_ANA;uvr60_01_e22_composant;/GTC_CLS/TRI/Instances/UVR60/RES_VID_02
Trigger_1Sec_Scr;CAMERA_ANA;uvr60_01_e23_composant;/GTC_CLS/TRI/Instances/UVR60/RES_VID_03
Trigger_1Sec_Scr;CAMERA_ANA;uvr60_01_e24_composant;/GTC_CLS/TRI/Instances/UVR60/RES_VID_04
Trigger_60Sec;CAMERA_ANA;uvr60_01_e21_composant;/GTC_CLS/TRI/Instances/UVR60/RES_VID_01
Trigger_60Sec;CAMERA_ANA;uvr60_01_e22_composant;/GTC_CLS/TRI/Instances/UVR60/RES_VID_02
Trigger_60Sec;CAMERA_ANA;uvr60_01_e23_composant;/GTC_CLS/TRI/Instances/UVR60/RES_VID_03
Trigger_60Sec;CAMERA_ANA;uvr60_01_e24_composant;/GTC_CLS/TRI/Instances/UVR60/RES_VID_04
Version;CAMERA_ANA;uvr60_01_e21_composant;/GTC_CLS/TRI/Instances/UVR60/RES_VID_01
Version;CAMERA_ANA;uvr60_01_e22_composant;/GTC_CLS/TRI/Instances/UVR60/RES_VID_02
Version;CAMERA_ANA;uvr60_01_e23_composant;/GTC_CLS/TRI/Instances/UVR60/RES_VID_03
Version;CAMERA_ANA;uvr60_01_e24_composant;/GTC_CLS/TRI/Instances/UVR60/RES_VID_04
WAS;CAMERA_ANA;uvr60_01_e15_composant;/GTC_CLS/WAS/Instances/UVR60/RES_VID_01
WAS;CAMERA_ANA;uvr60_01_e16_composant;/GTC_CLS/WAS/Instances/UVR60/RES_VID_02
WAS;CAMERA_ANA;uvr60_01_e17_composant;/GTC_CLS/WAS/Instances/UVR60/RES_VID_03
WAS;CAMERA_ANA;uvr60_01_e18_composant;/GTC_CLS/WAS/Instances/UVR60/RES_VID_04
WAS;CAMERA_ANA;uvr60_01_e19_composant;/GTC_CLS/WAS/Instances/UVR60/RES_VID_05
WAS;CAMERA_ANA;uvr60_01_e20_composant;/GTC_CLS/WAS/Instances/UVR60/RES_VID_06
WAS;CAMERA_ANA;uvr60_01_e21_composant;/GTC_CLS/WAS/Instances/UVR60/RES_VID_07
WAS;CAMERA_ANA;uvr60_01_e22_composant;/GTC_CLS/WAS/Instances/UVR60/RES_VID_08
WAS;CAMERA_ANA;uvr60_01_e23_composant;/GTC_CLS/WAS/Instances/UVR60/RES_VID_09
WAS;CAMERA_ANA;uvr60_01_e24_composant;/GTC_CLS/WAS/Instances/UVR60/RES_VID_10
WAZ;CAMERA_ANA;uvr60_01_e22_composant;/GTC_CLS/WAZ/Instances/UVR60/RES_VID_01
WAZ;CAMERA_ANA;uvr60_01_e23_composant;/GTC_CLS/WAZ/Instances/UVR60/RES_VID_02
WAZ;CAMERA_ANA;uvr60_01_e24_composant;/GTC_CLS/WAZ/Instances/UVR60/RES_VID_03

